type,id,name,price,categories,generic_type
Item,1,-----Reserved,0,,
Item,2,TEST +1,0,items,
Item,3,TEST2,22,items all,
Item,4,Ddfgdfgdough,22,items,
Item,5,Ddfgdfgdough,22,items,
Item,6,-----Ingredients,0,,
Item,7,Bitter Herb,8,items food all material,
Item,8,Dough,50,items food all,
Item,9,Red Mushroom,12,items food all material,
Item,10,Mystery Meat,8,items food all material,
Item,11,Cooked Meat,14,items food all,
Item,12,Pizza,75,items food all,
Item,13,Hotdog,40,items food all,
Item,14,Bread,50,items food all,
Item,15,Tempura,40,items food all,
Item,16,Vegetable Soup,30,items food all,
Item,17,Baked Fish Fillet,60,items food all,
Item,18,Sushi,40,items food all,
Item,19,Special Hotdog,100,items food all,
Item,20,Bitter Gel,12,items food all material,
Item,21,Coal,20,items material all,
Item,22,Salt,40,items food all,
Item,23,Secret Sauce,75,items food all,
Item,24,Spoiled Rations,20,items food all,
Item,25,Lesser Holy Water,50,items potion food all,
Item,26,Blood of the Gods,40,items potion food all,
Item,27,Bones,10,items material food all,
Item,28,Crushed Bones,6,items material all,
Item,29,Soda Pop,5,items food all,
Item,30,Extra Pouch,50,items utility all,
Item,31,====State Removers====,0,,
Item,32,Restore Potion of Doom,30,items potion all,
Item,33,Restore Potion of Dread,30,items potion all,
Item,34,Restore Potion of Fear,30,items potion all,
Item,35,Restore Potion of Sickness,30,items potion all,
Item,36,Restore Potion of Chaos,30,items potion all,
Item,37,Restore Potion of Weakness,30,items potion all,
Item,38,Restore Potion of Hex,30,items potion all,
Item,39,====State Increasers====,0,,
Item,40,Greater Potion of Greed,50,items potion all,
Item,41,Greater Potion of Daring,50,items potion all,
Item,42,Greater Potion of Panic,50,items potion all,
Item,43,Greater Potion of Brutalism,50,items potion all,
Item,44,Greater Potion of Zealotry,50,items potion all,
Item,45,Greater Potion of Stubbornness,50,items potion all,
Item,46,Greater Potion of Skepticism,50,items potion all,
Item,47,====Risk State Adders====,0,,
Item,48,Fickle Potion of Greed,20,items potion all,
Item,49,Fickle Potion of Daring,20,items potion all,
Item,50,Fickle Potion of Panic,20,items potion all,
Item,51,Fickle Potion of Brutalism,20,items potion all,
Item,52,Fickle Potion of Zealotry,20,items potion all,
Item,53,Fickle Potion of Stubbornness,20,items potion all,
Item,54,Fickle Potion of Skepticism,20,items potion all,
Item,55,====State Adders====,0,,
Item,56,Blessing Potion of Greed,30,items potion all,
Item,57,Blessing Potion of Daring,30,items potion all,
Item,58,Blessing Potion of Panic,30,items potion all,
Item,59,Blessing Potion of Brutalism,30,items potion all,
Item,60,Blessing Potion of Zealotry,30,items potion all,
Item,61,Blessing Potion of Stubbornness,30,items potion all,
Item,62,Blessing Potion of Skepticism,30,items potion all,
Item,63,=====Stat Boosters=====,0,,
Item,64,Flask of the Gods (Luck),100,items potion all,
Item,65,Flask of the Gods (HP),100,items potion all,
Item,66,Flask of the Gods (MP),100,items potion all,
Item,67,Flask of the Gods (Attack),100,items potion all,
Item,68,Flask of the Gods (Defense),100,items potion all,
Item,69,Flask of the Gods (M. Atk),100,items potion all,
Item,70,Flask of the Gods (M. Def),100,items potion all,
Item,71,Flask of the Gods (Agility),100,items potion all,
Item,72,======Misc.=======,0,,
Item,73,Stealth Musk,30,items potion all,
Item,74,Basic Skeleton Key,50,keyitems key all,
Item,75,Wood,8,items material all,
Item,76,Stone,8,items material all,
Item,77,String,15,items material all,
Item,78,Ghost Sashimi,30,items food all,
Item,79,Lucky Die,50,items utility all,
Item,80,Crimson Die,100,items utility all,
Item,81,Cursed Die,25,items utility all,
Item,82,Pumpkin Pie,80,items food all,
Item,83,Pumpkin Muffin,50,items food all,
Item,84,Harvest Stew,90,items food all,
Item,85,Cornmeal,100,items food all,
Item,86,Cornbread,100,items food all,
Item,87,Mana Muffin,60,items food all,
Item,88,Slime Pizza,20,items food all,
Item,89,Special Burger,100,items food all,
Item,90,Special Donut,60,items food all,
Item,91,Iron Bar,80,items material all,
Item,92,Wax,40,items material all,
Item,93,Tiny Coin Pouch,0,items utility all,
Item,94,Small Coin Pouch,0,items utility all,
Item,95,Medium Coin Pouch,0,items utility all,
Item,96,Large Coin Box,0,items utility all,
Item,97,Aged Rum,200,items food potion all,
Item,98,Small Mine Key,100,keyitems key all,
Item,99,Salt Rock,40,items material food all,
Item,100,Equipment Pack,25,items utility all,
Item,101,Paper,30,items material all,
Item,102,Mystery Sandwich,50,items food all,
Item,103,Ghost Flounder Soup,40,items food all,
Item,104,Chocolate Cake,100,items food all,
Item,105,Rain Gem,175,items utility all,
Item,106,Spectral Rain,400,items material all,
Item,107,Bloody Skin,30,items material all,
Item,108,Scraped Hide,60,items material all,
Item,109,Leather,120,items material all,
Item,110,Greater Holy Water,100,items potion food all,
Item,111,Light Sandwich,50,items food all,
Item,112,Light Salad,50,items food all,
Item,113,Ghost Broth,50,items food all,
Item,114,Fog Broth,60,items food all,
Item,115,Void Dinner,100,items food all,
Item,116,Soul Stew,200,items food all,
Item,117,Pumpkin Vine,40,items material all,
Item,118,Fish Taco,50,items food all,
Item,119,Flesh Sandwich,100,items food all,
Item,120,Cup of Tea,50,items food all,
Item,121,Slimeweed,30,items all,
Item,122,Bloodberries,40,items food material all,
Item,123,Blood Soup,100,items food all,
Item,124,Blood Sandwich,100,items food all,
Item,125,Weeds,5,items material all,
Item,126,Raw Hay,15,items material all,
Item,127,Bean Stew,100,items food all,
Item,128,Spiritcap Mushroom,30,items material all,
Item,129,Night-Hood Mushroom,60,items material all,
Item,130,Corpse-Ear Mushroom,60,items material all,
Item,131,Ashy Mushroom,60,items material all,
Item,132,Earthen Morel,60,items food all,
Item,133,Common Mushroom,20,items food all,
Item,134,Golden Mushroom,300,items material all,
Item,135,Whisptop Mushroom,60,items material all,
Item,136,Bulbous Mushroom,60,items material all,
Item,137,Dual-Sprout Mushroom,60,items material all,
Item,138,Spiritwood,6,items material all,
Item,139,Hardwood,6,items material all,
Item,140,Honey,70,items food all,
Item,141,Mystery Steak,32,items food all material,
Item,142,Rancher's Meal,100,items food all,
Item,143,Hunter's Meal,100,items food all,
Item,144,Mushroom Soup,50,items food all,
Item,145,Angler's Meal,100,items food all,
Item,146,Razorfish Soup,50,items food all,
Item,147,Hearty Stew,100,items food all,
Item,148,Mana Candy,70,items food all,
Item,149,Honey-Glazed Bacon,70,items food all,
Item,150,Angler's Potion,50,items potion all,
Item,151,Farmer's Potion,50,items potion all,
Item,152,Rancher's Potion,50,items potion all,
Item,153,Forager's Potion,50,items potion all,
Item,154,Miner's Potion,50,items potion all,
Item,155,Experience Potion,50,items potion all,
Item,156,Rest Potion,50,items potion all,
Item,157,Crystal Flask,1000,items material all,
Item,158,Tooth Dust,44,items material all,
Item,159,Beating Heart,300,items material all,
Item,160,Staring Orb,200,items material all,
Item,161,Void Sphere,200,items material all,
Item,162,Living Soul,0,items all,
Item,163,Sign of Death,200,items all material,
Item,164,Green Mushroom,24,items food material all,
Item,165,Expert BBQ Platter,100,items food all,
Item,166,Bait Pack (Tier 1),50,items utility all,
Item,167,====Baits====,0,,
Item,168,Worm,8,items utility all,
Item,169,Leech,12,items utility all,
Item,170,Bug,30,items utility all,
Item,171,Dragonfly,40,items utility all,
Item,172,Lugworm,60,items utility all,
Item,173,Firefly,50,items utility all,
Item,174,Jig Lure,0,items utility all,
Item,175,Crank Lure,0,items utility all,
Item,176,Ladybug,0,items utility all,
Item,177,Maggot,0,items utility all,
Item,178,Dough Ball,0,items utility all,
Item,179,Failed Meal,2,items food all,
Item,180,Expert Garden Salad,100,items food all,
Item,181,Pickled Eyeballs,154,items material all,
Item,182,Battery,200,items material all,
Item,183,Lifter,0,items utility deco all,
Item,184,Enchanted Pitchfork,0,items utility all,
Item,185,Whetstone,500,items material all,
Item,186,===Rods===,0,,
Item,187,Old Fishing Rod,0,items all utility,
Item,188,Sturdy Fishing Rod,0,items all utility,
Item,189,Quality Fishing Rod,0,items all utility,
Item,190,Fishing Rod 4,0,items all utility,
Item,191,Fishing Rod 5,0,items all utility,
Item,192,Perfect Opal,200,items all material,
Item,193,Expert Adventurer's Meal,100,items food all,
Item,194,Expert Researcher's Meal,100,items food all,
Item,195,Expert Cultist's Meal,100,items food all,
Item,196,Expert Assassin's Meal,100,items food all,
Item,197,Expert Wizard's Meal,100,items food all,
Item,198,Cursed Milk,200,items material all,
Item,199,Fish Quality on 615,0,,
Item,200,=====Fish====,0,,
Item,201,Ghost Flounder,20,items food all,Ghost Flounder
Item,202,Fog Eel,40,items food all,Fog Eel
Item,203,Stalktopus,60,items food all,Stalktopus
Item,204,Slimefish,25,items all food,
Item,205,Rot Puffer,70,items all,
Item,206,Mud Perch,30,items all,
Item,207,Godscale,50,items material all,
Item,208,Godflesh,80,items all food,
Item,209,Rock-Dweller,60,items material all,Rock-Dweller
Item,210,Ancient Pike,100,items food all,Ancient Pike
Item,211,Razorfish,60,items food all,Razorfish
Item,212,Stonelurker,80,items material all,Stonelurker
Item,213,Goldfish,140,items all,
Item,214,Cave Serpent,120,items food all,
Item,215,Bonefish,100,items food all,Bonefish
Item,216,Shyfish,200,items material all,Shyfish
Item,217,Ancient Manta,160,items material all,
Item,218,Pearlfish,300,items all,
Item,219,Ancient Angler,160,items material all,
Item,220,Mud Serpent,160,items food all,
Item,221,Serpent Steak,80,items all food,
Item,222,Radiant Scales,120,items material all,
Item,223,Razor Tooth,100,items material all,
Item,224,=======Quest Items=====,0,,
Item,225,Eldritch Slime,30,keyitems key all,
Item,226,Steel Key,0,keyitems key all,
Item,227,Branches,0,keyitems key all,
Item,228,Small Stones,0,keyitems key all,
Item,229,Mud Blob,0,keyitems key all,
Item,230,Metal Chunks,0,keyitems key all,
Item,231,Toy Heart,15,keyitems key all,
Item,232,Lost Ring,0,keyitems key all,
Item,233,Wand of Parks and Recreation,0,keyitems key all,
Item,234,Gate Key #1,0,keyitems key all,
Item,235,Gate Key #2,0,keyitems key all,
Item,236,Gate Key #3,0,keyitems key all,
Item,237,Mall F1 Hallway Key,0,keyitems key all,
Item,238,Strange Doll,0,keyitems key all,
Item,239,Storeroom Key,0,keyitems key all,
Item,240,Fancy key,0,keyitems key all,
Item,241,Giant Skull Chalice,0,keyitems key all,
Item,242,Front Gate Key,0,keyitems key all,
Item,243,Tanner's Gameboy,0,keyitems key all,
Item,244,Room #4 Key,0,keyitems key all,
Item,245,Slimy Key,0,keyitems key all,
Item,246,Tracy's Laundry,0,keyitems key all,
Item,247,Room #7 Key,0,keyitems key all,
Item,248,Sledgehammer,0,keyitems key all,
Item,249,Giant Mushroom,0,keyitems key all,
Item,250,Deer Claw,0,keyitems key all,
Item,251,Lucky Pendant,0,keyitems key all,
Item,252,Stew of Six Curses,0,keyitems key all,
Item,253,Golden Beetle,0,keyitems key all,
Item,254,Mill Key,0,keyitems key all,
Item,255,Lost Mirror,0,keyitems key all,
Item,256,Catacombs F2 Key,0,keyitems key all,
Item,257,Catacombs F3 Key,0,keyitems key all,
Item,258,Lost Bell,0,keyitems key all,
Item,259,Giant Egg,0,keyitems key all,
Item,260,Small Hammer,1500,keyitems key all,
Item,261,Large Hammer,2500,keyitems key all,
Item,262,Wire Cutters,3500,keyitems key all,
Item,263,Blue Gem,0,keyitems key all,
Item,264,Lost Supplies,0,keyitems key all,
Item,265,Survey Documents,0,keyitems key all,
Item,266,Living Bones,0,keyitems key all,
Item,267,Kaal Idol,0,keyitems key all,
Item,268,Shiny Gems,0,keyitems key all,
Item,269,Forbidden Snack,0,keyitems key all,
Item,270,Skull of the Beast,0,keyitems key all,
Item,271,Strange Orb,0,keyitems key all,
Item,272,Catacombs Mine Key,0,keyitems key all,
Item,273,Sophia's Doll,0,keyitems key all,
Item,274,Mall Elevator Key,0,keyitems key all,
Item,275,Cat Toy,0,keyitems key all,
Item,276,Golden Spoon,0,keyitems key all,
Item,277,Skeleton Costume,0,keyitems key all,
Item,278,Devil Costume,0,keyitems key all,
Item,279,Pumpkin Costume,0,keyitems key all,
Item,280,Police Voucher: Mall,0,keyitems key all,
Item,281,Police Voucher: Sewers,0,keyitems key all,
Item,282,Police Voucher: Old Woods,0,keyitems key all,
Item,283,Police Voucher: Catacombs,0,keyitems key all,
Item,284,Classroom 106 Key,0,keyitems key all,
Item,285,Classroom 104 Key,0,keyitems key all,
Item,286,School Basement Key #1,0,keyitems key all,
Item,287,Pencil Case,0,keyitems key all,
Item,288,Classroom 107 Key,0,keyitems key all,
Item,289,Classroom 103 Key,0,keyitems key all,
Item,290,Skull of the Mall,0,keyitems key all,
Item,291,Skull of the Woods,0,keyitems key all,
Item,292,Skull of the Catacombs,0,keyitems key all,
Item,293,Skull of the Deep,0,keyitems key all,
Item,294,Skull of the Lost,0,keyitems key all,
Item,295,Skull of the Dark,0,keyitems key all,
Item,296,Gallery Brochure,0,keyitems key all,
Item,297,Ancient Iron Key,0,keyitems key all,
Item,298,Peculiar Offering,0,keyitems key all,
Item,299,Elder Gem,0,keyitems key all,
Item,300,Damp Nails,1500,keyitems key all,
Item,301,Damp Plank,800,keyitems key all,
Item,302,Tome of the Sea,0,keyitems key all,
Item,303,Essence of Daeus,0,keyitems key all,
Item,304,Essence of Delvek,0,keyitems key all,
Item,305,Essence of Kaal,0,keyitems key all,
Item,306,Dusklight Pearl,0,keyitems key all,
Item,307,Golden Hatchet,0,keyitems key all,
Item,308,Heavy Golden Axe,0,keyitems key all,
Item,309,Deep Woods Gate Key,10000,keyitems key all,
Item,310,Meat Portion,0,keyitems key all,
Item,311,Herb Portion,0,keyitems key all,
Item,312,Lucky Pocket Knife,0,keyitems key all,
Item,313,Lost Journal,0,keyitems key all,
Item,314,Palewood Branch,0,keyitems key all,
Item,315,Eternal Lantern,0,keyitems key all,
Item,316,Gold Coin of Death,0,keyitems key all,
Item,317,The Final Key,0,keyitems key all,
Item,318,Small Ornate Key,0,keyitems key all,
Item,319,Gold Tooth,0,keyitems key all,
Item,320,Necklace of Bone,0,keyitems key all,
Item,321,Defiled Remains,0,keyitems key all,
Item,322,New Doll,0,keyitems key all,
Item,323,Climbing Rope,0,keyitems key all,
Item,324,Translation Notes,0,keyitems key all,
Item,347,Blueprint: Lapidary Table,0,items utility all,
Item,348,Blueprint: Ghostly Scarecrow,0,items utility all,
Item,349,Blueprint: Crab Pot,3000,items utility all,
Item,350,Blueprint: Wicker Scarecrow,0,items utility all,
Item,351,Blueprint: Floral Scarecrow,0,items utility all,
Item,352,Recipe: Vegetable Smoothie,350,items utility all,
Item,353,Recipe: Energy Drink,350,items utility all,
Item,354,Recipe: Dusk Juice,350,items utility all,
Item,355,====Recipe Books=====,0,,
Item,356,Recipe: Special Hotdog,35,items utility all,
Item,357,Recipe: Pumpkin Pie,100,items utility all,
Item,358,Recipe: Pumpkin Muffin,100,items utility all,
Item,359,Recipe: Harvest Stew,200,items utility all,
Item,360,Recipe: Cornbread,100,items utility all,
Item,361,Recipe: Mana Muffin,150,items utility all,
Item,362,Recipe: Special Burger,300,items utility all,
Item,363,Recipe: Special Donut,200,items utility all,
Item,364,Recipe: Slime Pizza,50,items utility all,
Item,365,Recipe: Mystery Sandwich,50,items utility all,
Item,366,Blueprint: Food Processor,200,items utility all,
Item,367,Recipe: Void Dinner,200,items utility all,
Item,368,Recipe: Soul Stew,300,items utility all,
Item,369,Recipe: Fish taco,0,items utility all,
Item,370,Recipe: Flesh Sandwich,0,items utility all,
Item,371,Recipe: Blood Soup,25,items utility all,
Item,372,Recipe: Blood Sandwich,25,items utility all,
Item,373,Blueprint: Preserving Barrel,0,items utility all,
Item,374,Recipe: Bean Stew,100,items utility all,
Item,375,Recipe: Rancher's Meal,100,items utility all,
Item,376,Recipe: Hunter's Meal,100,items utility all,
Item,377,Recipe: Mushroom Soup,100,items utility all,
Item,378,Recipe: Angler's Meal,100,items utility all,
Item,379,Recipe: Razorfish Soup,100,items utility all,
Item,380,Recipe: Hearty Stew,100,items utility all,
Item,381,Recipe: Mana Candy,100,items utility all,
Item,382,Recipe: Honey-Glazed Bacon,100,items utility all,
Item,383,Blueprint: Keg,0,items utility all,
Item,384,Recipe: Expert BBQ Platter,0,items utility all,
Item,385,Recipe: Expert Garden Salad,0,items utility all,
Item,386,Blueprint: Bat Box,350,items utility all,
Item,387,Blueprint: Cask,0,items utility all,
Item,388,Blueprint: Bee House,500,items utility all,
Item,389,Blueprint: Lightning Rod,0,items utility all,
Item,390,Recipe: Takoyaki,200,items utility all,
Item,391,Recipe: Void Plum Pie,200,items utility all,
Item,392,Recipe: Hearty Omelette,200,items utility all,
Item,393,Recipe: Fruit Salad,200,items utility all,
Item,394,Recipe: Expert Adventurer's Meal,0,items utility all,
Item,395,Recipe: Expert Researcher's Meal,0,items utility all,
Item,396,Recipe: Expert Cultist's Meal,0,items utility all,
Item,397,Recipe: Expert Assassin's Meal,0,items utility all,
Item,398,Recipe: Expert Wizard's Meal,0,items utility all,
Item,399,Blueprint: Forge Upgrade (t3),0,items utility all,
Item,400,Blueprint: Skeletal Scarecrow,0,items utility all,
Item,401,Blueprint: Cornstalker Scarecrow,0,items utility all,
Item,402,=======Maps=====,0,,
Item,403,Treasure Map 1,0,,
Item,404,Treasure Map 2,0,keyitems key all,
Item,405,Treasure Map 3,0,keyitems key all,
Item,406,Treasure Map 4,0,keyitems key all,
Item,407,Treasure Map 5,0,keyitems all key,
Item,408,Ellie's Artwork,0,keyitems key all,
Item,409,Treasure Map 1,0,keyitems key all,
Item,410,Treasure Map 6,0,keyitems all key,
Item,411,Treasure Map 7,0,keyitems all key,
Item,412,Treasure Map 8,0,keyitems all key,
Item,413,Treasure Map 9,0,keyitems all key,
Item,414,Treasure Map 10,0,keyitems all key,
Item,415,Treasure Map 11,0,keyitems all key,
Item,416,Treasure Map 12,0,keyitems all key,
Item,417,Scavenger Hunt List,0,keyitems all key,
Item,444,Book of Bone,0,items utility all,
Item,445,Scrap Metal,6,items all material,
Item,446,====Ores====,0,,
Item,447,Copper Ore,45,items all material,
Item,448,Iron Ore,60,items all material,
Item,449,Gold Ore,80,items material all,
Item,450,Copper Bar,60,items material all,
Item,451,Gold Bar,120,items all material,
Item,452,Raw Void Crystal,120,items all material,
Item,453,Void Crystal Bar,200,items material all,
Item,454,Verdite Ore,120,items all material,
Item,455,Verdite Bar,180,items all material,
Item,456,Platinum Ore,240,items material all,
Item,457,Platinum Bar,360,items all material,
Item,458,Green Crystal,160,items all material,
Item,510,Experience Tome,100,items all potion,
Item,511,=======Ritual Tomes=====,0,,
Item,512,Ritual Tome: Dark Shield,0,items all utility,
Item,513,Skill Tome: Frenzy Slash,0,items all utility,
Item,514,Ritual Tome: Induce Anxiety,0,items all utility,
Item,515,Ritual Tome: Sludge Blast,0,items all utility,
Item,516,Ritual Tome: Lesser Mending,25,items all utility,
Item,517,Ritual Tome: Cosmic Premonition,50,items all utility,
Item,518,Ritual Tome: Torrent of Darkness,100,items all utility,
Item,519,Skill Tome: All or Nothing,25,items all utility,
Item,520,Skill Tome: Heretical Blow,0,items utility all,
Item,521,Skill Tome: Energizing Strike,0,items all utility,
Item,522,Skill Tome: Heavy Blow,75,items all utility,
Item,523,Ritual Tome: Frenzy Blast,0,items all utility,
Item,524,Ritual Tome: Mind Blast,0,items all utility,
Item,525,Ritual Tome: Light Blast,0,items all utility,
Item,526,Ritual Tome: Terror Blast,0,items all utility,
Item,527,Ritual Tome: Mana Drain,0,items all utility,
Item,528,Ritual Tome: Greater Mending,0,items all utility,
Item,529,Ritual Tome: Energizing Blast,0,items all utility,
Item,530,Ritual Tome: Mark of Death,0,items all utility,
Item,531,Ritual Tome: Mark of Insight,0,items all utility,
Item,532,Ritual Tome: Crystal Blast,0,items all utility,
Item,533,Ritual Tome: Pumpkin Blast,0,items all utility,
Item,534,Ritual Tome: Blood Mana,0,items all utility,
Item,535,Ritual Tome: Chaos Thorns,0,items all utility,
Item,536,Skill Tome: Light Pierce,0,items all utility,
Item,537,Skill Tome: Harvest Slash,0,items all utility,
Item,538,Skill Tome: Blade of Blood,0,items all utility,
Item,613,Mud Serpent,320,items food all,
Item,614,===Quality Fish===,0,,
Item,615,Ghost Flounder,26,items food all,Ghost Flounder
Item,616,Fog Eel,52,items food all,Fog Eel
Item,617,Stalktopus,78,items food all,Stalktopus
Item,618,Slimefish,34,items food all,
Item,619,Rot Puffer,91,items all,
Item,620,Mud Perch,39,items all,
Item,621,Rock-Dweller,78,items all material,Rock-Dweller
Item,622,Ghost Flounder,33,items all food,Ghost Flounder
Item,623,Fog Eel,66,items food all,Fog Eel
Item,624,Stalktopus,99,items food all,Stalktopus
Item,625,Slimefish,41,items all food,
Item,626,Rot Puffer,116,items all,
Item,627,Mud Perch,49,items all,
Item,628,Rock-Dweller,99,items material all,Rock-Dweller
Item,629,Ghost Flounder,40,items food all,Ghost Flounder
Item,630,Fog Eel,80,items food all,Fog Eel
Item,631,Stalktopus,120,items food all,Stalktopus
Item,632,Slimefish,50,items food all,
Item,633,Rot Puffer,140,items all,
Item,634,Mud Perch,60,items all,
Item,635,Rock-Dweller,120,items all material,Rock-Dweller
Item,636,Ancient Pike,133,items all food,Ancient Pike
Item,637,Razorfish,80,items food all,Razorfish
Item,638,Stonelurker,106,items material all,Stonelurker
Item,639,Goldfish,186,items all,
Item,640,Ancient Pike,166,items food all,Ancient Pike
Item,641,Razorfish,100,items food all,Razorfish
Item,642,Stonelurker,132,items material all,Stonelurker
Item,643,Goldfish,232,items all,
Item,644,Ancient Pike,200,items food all,Ancient Pike
Item,645,Razorfish,120,items food all,Razorfish
Item,646,Stonelurker,160,items material all,Stonelurker
Item,647,Goldfish,280,items all,
Item,648,Cave Serpent,160,items food all,
Item,649,Bonefish,132,items food all,Bonefish
Item,650,Shyfish,266,items material all,Shyfish
Item,651,Ancient Manta,212,items material all,
Item,652,Pearlfish,400,items all,
Item,653,Ancient Angler,212,items material all,
Item,654,Mud Serpent,212,items food all,
Item,655,Cave Serpent,200,items food all,
Item,656,Bonefish,166,items food all,Bonefish
Item,657,Shyfish,332,items material all,Shyfish
Item,658,Ancient Manta,266,items material all,
Item,659,Pearlfish,498,items all,
Item,660,Ancient Angler,266,items material all,
Item,661,Mud Serpent,266,items food all,
Item,662,Cave Serpent,240,items food all,
Item,663,Bonefish,200,items food all,Bonefish
Item,664,Shyfish,400,items material all,Shyfish
Item,665,Ancient Manta,320,items material all,
Item,666,Pearlfish,600,items all,
Item,667,Ancient Angler,320,items material all,
Item,668,Floor Remover,15,items utility deco all,
Item,669,====Floors====,0,,
Item,670,Wood Floor,30,items utility all deco,
Item,671,Small Grey Tile Floor,30,items utility all deco,
Item,672,Large Checker Tile Floor,30,items utility all deco,
Item,673,Blue Carpet Floor,30,items utility all deco,
Item,674,Pale Pink Carpet Floor,100,items utility all deco,
Item,675,White Wood Floor,100,items utility all deco,
Item,704,Wallpaper Remover,15,items utility deco all,
Item,705,====Wallpapers====,0,,
Item,706,Grey Concrete Wallpaper,30,items utility all deco,
Item,707,Pink Flower Wallpaper,30,items utility all deco,
Item,708,Light Blue Wallpaper,30,items utility all deco,
Item,709,Black/Red Striped Wallpaper,30,items utility all deco,
Item,710,Flesh Walls,100,items utility all deco,
Item,711,Pale Floral Wallpaper,100,items utility all deco,
Item,712,White Wood Walls,100,items utility all deco,
Item,743,=====Decorations=====,0,,
Item,744,Basic Standing Lamp,20,items deco all,
Item,745,Cluttered End Table Lamp,20,items deco all,
Item,746,Fancy White Nightstand,50,items deco all,
Item,747,Modern Wood End Table,50,items deco all,
Item,748,Small Slate Table,50,items deco all,
Item,749,Bloody White Nightstand,50,items deco all,
Item,750,Bare-Bulb Standing Lamp,20,items deco all,
Item,751,Blue Standing Lamp,100,items deco all,
Item,752,Small Floor Plant 1,25,items deco all,
Item,753,Small Floor Plant 2,25,items deco all,
Item,754,Small Floor Plant 3,25,items deco all,
Item,755,Metal Chair,30,items all deco,
Item,756,Fancy Pink Chair,50,items deco all,
Item,757,Pink Couch,100,items deco all,
Item,758,Red Couch,100,items deco all,
Item,759,Fancy Pink Table,100,items deco all,
Item,760,Black Polished Table,100,items deco all,
Item,761,Basic Wood Table,50,items deco all,
Item,762,Rubber Ducky,10,items deco all,
Item,763,Brown Counter (Sink),20,items deco all,
Item,764,Brown Counter (Drawer),20,items deco all,
Item,765,Towel Basket,20,items deco all,
Item,766,Wood Table Lamp (Orange),20,items deco all,
Item,767,Wood Bathroom Sink,20,items deco all,
Item,768,Toilet (With Clutter),20,items deco all,
Item,769,Radio,0,items deco all,
Item,770,White Calendar,20,items all deco,
Item,771,Industrial Fan,20,items deco all,
Item,772,Window 1,20,items deco all,
Item,773,Window 2,20,items deco all,
Item,774,Clock,20,items deco all,
Item,775,Dirty Mirror,20,items all deco,
Item,776,Wall Book Shelf,20,items deco all,
Item,777,Flesh Lamp,100,items deco all,
Item,778,Large Flesh Table,200,items deco all,
Item,779,Flesh Couch,200,items deco all,
Item,780,Grey Concrete Wall Column,20,items deco all,
Item,781,/////,20,items utility deco,
Item,782,Single Black Wall Tile,20,items deco all,
Item,783,Faded Striped Rug,20,items all deco,
Item,784,Small Wood Chest,50,items deco all,
Item,785,Large Area Rug 1,50,items deco all,
Item,786,Large Area Rug 2,50,items deco all,
Item,787,Large Area Rug 3,50,items deco all,
Item,788,Stone Fireplace,250,items deco all,
Item,789,Small Painting 1,20,items deco all,
Item,790,Small Painting 2,20,items deco all,
Item,791,Small Painting 3,20,items deco all,
Item,792,Wall Lamp 1,20,items deco all,
Item,793,Scattered Documents,20,items deco all,
Item,794,Pile of Books 1,20,items deco all,
Item,795,Pile of Books 2,20,items deco all,
Item,796,Wood End Table w/ Book,20,items deco all,
Item,797,Tall Drawers w/ Flowers,50,items deco all,
Item,798,Grandfather Clock,100,items deco all,
Item,799,Ornate Royal Couch,500,items deco all,
Item,800,Ashy Green Couch,100,items deco all,
Item,801,Short Wood Fence,0,items deco all,
Item,802,Wood Path,4,items deco all,
Item,803,Cobblestone Path,4,items deco all,
Item,804,Large Wood Tile,4,items deco all,
Item,805,Large Stone Tile,4,items deco all,
Item,806,Stone Path,0,items deco all,
Item,807,White Bookshelf,200,items deco all,
Item,808,Large Green Table,200,items deco all,
Item,809,Cluttered Side-Table,200,items deco all,
Item,810,Black Bed,200,items deco all,
Item,811,White Fridge,200,items deco all,
Item,812,Pink Fridge,200,items deco all,
Item,813,Small Flower (White),50,items deco all,
Item,814,Small Flower (Red),50,items deco all,
Item,815,Small Cactus,50,items deco all,
Item,816,Candle,50,items deco all,
Item,817,Dinner Plate,50,items deco all,
Item,818,Skull,150,items deco all,
Item,819,Stack of Papers,50,items deco all,
Item,820,Teacup,50,items deco all,
Item,821,Toaster,50,items deco all,
Item,822,Old Portrait,200,items deco all,
Item,823,Church Candle,100,items deco all,
Item,824,Mounted Fish,200,items deco all,
Item,825,Farmhouse Window,50,items deco all,
Item,826,Wood Divider,100,items deco all,
Item,827,======CONT 2500 ======,0,,
Item,837,Pickles (Peas),250,items food all,
Item,838,Aged Wine (Strawberry),338,items food all,AgedWine
Item,839,Aged Wine (Duskberry),488,items food all,AgedWine
Item,840,Aged Wine (Duskmelon),1125,items food all,AgedWine
Item,841,Pickles (Eldersprout),970,items food all,
Item,842,Pickles (Cauliflower),1050,items food all,
Item,843,Jelly (Strawberry),230,items food all,
Item,844,Jelly (Duskberry),310,items food all,
Item,845,Jelly (Duskmelon),650,items food all,
Item,846,Wine (Strawberry),270,items all food,
Item,847,Wine (Duskberry),390,items all food,
Item,848,Wine (Duskmelon),900,items all food,
Item,849,Fishing Trophy,0,items deco all,
Item,850,Contract: Water Wheel,15000,items utility deco all,
Item,851,White Juicer,0,items utility deco all,
Item,852,Contract: Windmill,2000,items utility deco all,
Item,853,Aged Honey Mead,262,items food all,AgedMead
Item,854,Aged Gloom Ale,225,items food all,AgedGloomAle
Item,855,Aged Wine (Cloudberry),300,items food all,AgedWine
Item,856,Wine (Cloudberry),240,items food all,
Item,857,Jelly (Cloudberry),210,items food all,
Item,858,Cloudberry,80,items food all,Cloudberry
Item,859,Lightning Rod,0,items utility deco all,
Item,860,Farm Computer,0,items utility deco all,
Item,861,Contract: Stone Well,250,items utility deco all,
Item,862,Bee House,100,items utility deco all,
Item,863,Voidbloom,150,items all,
Item,864,Gorgon's Eye,600,items all,
Item,865,Funneltop,300,items all,
Item,866,Compost Bin,0,items utility all deco,
Item,867,Aged Wine (Spiralberry),375,items food all,AgedWine
Item,868,Aged Wine (Void Plum),562,items food all,AgedWine
Item,869,Aged Wine (Fingerfruit),562,items food all,AgedWine
Item,870,Wine (Void Plum),450,items all food,
Item,871,Wine (Spiralberry),300,items food all,
Item,872,Wine (Fingerfruit),450,items food all,
Item,873,Jelly (Void Plum),180,items all food,
Item,874,Jelly (Spiralberry),180,items food all,
Item,875,Jelly (Fingerfruit),180,items food all,
Item,876,Aged Cheese (Perfect),238,items food all,AgedCheese4
Item,877,Aged Cheese (Artisan),196,items food all,AgedCheese3
Item,878,Aged Cheese (Quality),158,items all food,AgedCheese2
Item,879,Aged Cheese (Basic),118,items food all,AgedCheese1
Item,880,Aged Wine (Bloodberry),200,items food all,AgedWine
Item,881,Aged Wine (Voidberry),375,items food all,AgedWine
Item,882,Aged Wine (Soulfruit),7500,items food all,AgedWine
Item,883,Aged Wine (Grape),300,items food all,AgedWine
Item,884,Wine (Grape),240,items food all,
Item,885,Jelly (Grape),210,items food all,
Item,886,Honey Mead,210,items food all,
Item,887,Gloom Ale,180,items food all,
Item,888,Wine (Soulfruit),6000,items food all,
Item,889,Wine (Voidberry),300,items food all,
Item,890,Wine (Bloodberry),160,items food all,
Item,891,Jelly (Bloodberry),180,items food all,
Item,892,Pickles (Pumpkin),410,items food all,
Item,893,Pickles (Corn),194,items food all,
Item,894,Pickles (Radish),210,items food all,
Item,895,Pickles (Celery),390,items food all,
Item,896,Jelly (Voidberry),250,items food all,
Item,897,Jelly (Soulfruit),4050,items food all,
Item,898,Pickles (Bean),154,items food all,
Item,899,Quality on 1094,0,,
Item,900,======Crops=====,0,,
Item,901,Wheat,24,items food all,Wheat
Item,902,Eyeball,52,items material all food,Eyeball
Item,903,Pumpkin,180,items food all,Pumpkin
Item,904,Corn,72,items food all,Corn
Item,905,Radish,80,items food all,Radish
Item,906,Celery,170,items food all,Celery
Item,907,Tooth,44,items material all,Tooth
Item,908,Voidberry,100,items food all,Voidberry
Item,909,Soulfruit,2000,items food all,Soulfruit
Item,910,Small Egg,40,items food all,Egg
Item,911,Large Egg,60,items food all,Egg
Item,912,Small Milk,50,items food all,Milk
Item,913,Large Milk,76,items food all,Milk
Item,914,Cheese,95,items food all,Cheese
Item,915,Mayonnaise,76,items food all,Mayonnaise
Item,916,Bean,52,items food all,Bean
Item,917,Gloom Hops,60,items food all,
Item,918,Grapes,80,items all food,Grapes
Item,919,Fingerfruit,150,items food all,Fingerfruit
Item,920,Void Plum,150,items food all,VoidPlum
Item,921,Tentacle,200,items food all,Tentacle
Item,922,Spiralberry,100,items food all,Spiralberry
Item,923,Bat Guano,30,items all material,guano
Item,924,Bat Box,100,items utility all deco,
Item,925,Cask,100,items utility all deco,
Item,926,Fancy Fertilizer (Lv3),50,items utility all,
Item,927,Fancy Fertilizer (Lv2),50,items utility all,
Item,928,Fancy Fertilizer (Lv1),50,items utility all,
Item,929,Dense Fertilizer (Lv3),50,items utility all,
Item,930,Dense Fertilizer (Lv2),50,items utility all,
Item,931,Dense Fertilizer (Lv1),50,items utility all,
Item,932,Quality Watering Can,0,items utility all tool,
Item,933,Quality Gardening Hoe,0,items utility all tool,
Item,934,Quality Pickaxe,0,items all utility tool,
Item,935,Quality Axe,0,items all utility tool,
Item,936,Quality Scythe,25,items utility all tool,
Item,937,Forge Upgrade (t2),0,items all utility,
Item,938,Bug Catching Net,0,items all utility tool,
Item,939,Sturdy Scythe,25,items utility all tool,
Item,940,Basic Scythe,25,items utility all tool,
Item,941,Keg,200,items utility all deco,
Item,942,Preserving Barrel,100,items utility all deco,
Item,943,Feedmaker,100,items utility all deco,
Item,944,Rusty Scythe,2,items all utility tool,
Item,945,Rusty Axe,2,items all utility tool,
Item,946,Brown Journal Desk,0,items utility deco all,
Item,947,Primary Storage Chest,0,items utility deco all,
Item,948,Old Brown T.V.,0,items utility deco all,
Item,949,Blue Tile Bathtub,0,items utility deco all,
Item,950,Cluttered Shelf 1,20,items all deco,
Item,951,Brown Wardrobe,0,items utility deco all,
Item,952,Green Cooking Pot,0,items utility deco all,
Item,953,Grey Fridge,0,items utility deco all,
Item,954,Blue Bed,0,items utility deco all,
Item,955,Black Couch,100,items all utility deco,
Item,956,///////Wood Floor,10,items all utility deco,
Item,957,Lesser Rune of Growth,100,items utility all,
Item,958,Sturdy Axe,0,items all utility tool,
Item,959,Basic Axe,0,items all utility tool,
Item,960,Food Processor,100,items utility all deco,
Item,961,Animal Feed,20,items food all utility,
Item,962,Milk Bucket,100,items all utility tool,
Item,963,Sturdy Pickaxe,0,items all utility tool,
Item,964,Sturdy Gardening Hoe,0,items all utility tool,
Item,965,Sturdy Watering Can,0,items all utility tool,
Item,966,Rusty Pickaxe,0,items utility all tool,
Item,967,Furnace,10,items utility all deco,
Item,968,Basic Pickaxe,150,items utility all tool,
Item,969,Workbench,10,items utility all deco,
Item,970,Shovel,100,items utility all tool,
Item,971,Grinder,10,items utility all deco,
Item,972,Torch,10,items utility all deco,
Item,973,Moon-Cursed Brazier,600,items utility all deco,
Item,974,Moon-Cursed Skull,300,items utility all deco,
Item,975,Ritual Brazier,10,items utility all,
Item,976,Lesser Offering of Rain,10,items utility all,
Item,977,Medium Offering of Rain,10,items utility all,
Item,978,Greater Offering of Rain,10,items utility all,
Item,979,Perfect Offering of Rain,10,items utility all,
Item,980,Witching Mortar,10,items utility all deco,
Item,981,Ragged Scarecrow,5,items utility all,
Item,982,Basic Scarecrow,10,items utility all,
Item,983,Jack o' Scarecrow,20,items utility all,
Item,984,Tortured Scarecrow,30,items utility all,
Item,985,Dripping Scarecrow,40,items utility all,
Item,986,Lesser Fertility Effigy,10,items utility all,
Item,987,Medium Fertility Effigy,20,items all utility,
Item,988,Greater Fertility Effigy,30,items utility all,
Item,989,Lesser Harvest Effigy,10,items utility all,
Item,990,Medium Harvest Effigy,20,items utility all,
Item,991,Greater Harvest Effigy,30,items utility all,
Item,992,Sign,5,items utility all,
Item,993,Gnarled Lamp,10,items utility all deco,
Item,994,Candles,10,items utility all deco,
Item,995,Jack o' Lantern,10,items utility all deco,
Item,996,Crow-Cursed Tombstone,100,items utility all deco,
Item,997,Rot-Cursed Lamp,50,items utility all deco,
Item,998,Cleansing Balm,50,items utility all,
Item,999,Basic Watering Can,2,items utility all tool,
Item,1000,Basic Gardening Hoe,2,items utility all tool,
Item,1001,Wheat Seed,5,items seed all,
Item,1002,Eyeleaf Seed,5,items all seed,
Item,1003,Wormsprout Seed,5,items seed all,
Item,1004,Pumpkin Seed,20,items seed all,
Item,1005,Corn Seed,30,items all seed,
Item,1006,Radish Seed,10,items seed all,
Item,1007,Celery Seed,15,items seed all,
Item,1008,Toothbush Seed,20,items seed all,
Item,1009,Voidberry Seed,50,items seed all,
Item,1010,Soulfruit Seed,200,items seed all,
Item,1011,Unmarked Seed,0,items all seed,
Item,1012,Hay Seed,10,items seed all,
Item,1013,Bean Seed,25,items seed all,
Item,1014,Gloom Hops Seed,30,items seed all,
Item,1015,Grape Seed,90,items seed all,
Item,1016,Fingerfruit Tree Seed,1400,items seed all,
Item,1017,Spiralberry Tree Seed,1600,items seed all,
Item,1018,Void Plum Tree Seed,1800,items seed all,
Item,1019,Tentacle Tree Seed,2000,items seed all,
Item,1020,Funneltop Seed,80,items seed all,
Item,1021,Gorgon's Eye Seed,150,items seed all,
Item,1022,Voidbloom Seed,50,items seed all,
Item,1023,Duskmelon Seed,160,items all seed,
Item,1024,Duskberry Seed,110,items all seed,
Item,1025,Eldersprout Seed,110,items all seed,
Item,1026,Coffee Bean Seed,150,items seed all,
Item,1027,Cauliflower Seed,50,items seed all,
Item,1028,Strawberry Seed,50,items seed all,
Item,1029,Sunflower Seeds,36,items seed food all,
Item,1030,Tomato Seed,35,items seed all,
Item,1031,Dread Pepper Seed,10,items seed all,
Item,1032,Watermelon Seed,20,items seed all,
Item,1033,Devilberry Seed,60,items seed all,
Item,1034,Squash Seed,10,items seed all,
Item,1035,Ghostberry Seed,30,items seed all,
Item,1036,Deathleaf Seed,20,items seed all,
Item,1037,Pea Seed,80,items seed all,
Item,1038,Dreampearl Seed,300,items seed all,
Item,1039,Dreamleaf Seed,150,items seed all,
Item,1040,Tree Seed,30,items seed all,
Item,1041,Hardwood Seed,60,items seed all,
Item,1042,Spiritwood Seed,120,items seed all,
Item,1043,Leadleaf Seed,25,items seed all,
Item,1044,Spider Plant Seed,150,items seed all,
Item,1045,Fungal Mound Seed,300,items seed all,
Item,1046,Headswarm Seed,500,items seed all,
Item,1047,Creature Cluster Seed,200,items seed all,
Item,1093,=====Qual. Crops====,0,,
Item,1094,Wheat,32,items food all,Wheat
Item,1095,Eyeball,70,items food all material,Eyeball
Item,1096,Pumpkin,240,items food all,Pumpkin
Item,1097,Corn,96,items all food,Corn
Item,1098,Wheat,40,items food all,Wheat
Item,1099,Eyeball,88,items food all material,Eyeball
Item,1100,Pumpkin,300,items all food,Pumpkin
Item,1101,Corn,120,items food all,Corn
Item,1102,Wheat,48,items food all,Wheat
Item,1103,Eyeball,104,items food all material,Eyeball
Item,1104,Pumpkin,360,items food all,Pumpkin
Item,1105,Corn,144,items food all,Corn
Item,1106,Radish,108,items food all,Radish
Item,1107,Celery,228,items food all,Celery
Item,1108,Tooth,60,items all material,Tooth
Item,1109,Voidberry,134,items all food,Voidberry
Item,1110,Soulfruit,2660,items food all,Soulfruit
Item,1111,Radish,134,items food all,Radish
Item,1112,Celery,284,items food all,Celery
Item,1113,Tooth,74,items all material,Tooth
Item,1114,Voidberry,166,items food all,Voidberry
Item,1115,Soulfruit,3320,items all food,Soulfruit
Item,1116,Radish,160,items food all,Radish
Item,1117,Celery,340,items food all,Celery
Item,1118,Tooth,88,items all material,Tooth
Item,1119,Voidberry,200,items all food,Voidberry
Item,1120,Soulfruit,4000,items food all,Soulfruit
Item,1121,Small Egg,54,items food all,Egg
Item,1122,Large Egg,80,items food all,Egg
Item,1123,Small Egg,68,items all food,Egg
Item,1124,Large Egg,100,items food all,Egg
Item,1125,Small Egg,80,items food all,Egg
Item,1126,Large Egg,120,items food all,Egg
Item,1127,Small Milk,66,items food all,Milk
Item,1128,Large Milk,102,items food all,Milk
Item,1129,Small Milk,83,items food all,Milk
Item,1130,Large Milk,128,items food all,Milk
Item,1131,Small Milk,100,items food all,Milk
Item,1132,Large Milk,152,items food all,Milk
Item,1133,Cheese,126,items food all,Cheese
Item,1134,Mayonnaise,102,items food all,Mayonnaise
Item,1135,Cheese,158,items food all,Cheese
Item,1136,Mayonnaise,128,items food all,Mayonnaise
Item,1137,Cheese,190,items all food,Cheese
Item,1138,Mayonnaise,152,items food all,Mayonnaise
Item,1139,Bean,70,items food all,Bean
Item,1140,Bean,88,items food all,Bean
Item,1141,Bean,104,items food all,Bean
Item,1142,Gloom Hops,78,items all food,
Item,1143,Grapes,106,items food all,Grapes
Item,1144,Gloom Hops,100,items food all,
Item,1145,Grapes,132,items food all,Grapes
Item,1146,Gloom Hops,120,items food all,
Item,1147,Grapes,160,items food all,Grapes
Item,1148,Aged Wine (Bloodberry),240,items food all,AgedWine
Item,1149,Aged Wine (Voidberry),450,items food all,AgedWine
Item,1150,Aged Wine (Soulfruit),9000,items food all,AgedWine
Item,1151,Aged Wine (Grape),360,items food all,AgedWine
Item,1152,Aged Wine (Bloodberry),280,items food all,AgedWine
Item,1153,Aged Wine (Voidberry),525,items food all,AgedWine
Item,1154,Aged Wine (Soulfruit),10500,items food all,AgedWine
Item,1155,Aged Wine (Grape),420,items food all,AgedWine
Item,1156,Aged Wine (Bloodberry),320,items all food,AgedWine
Item,1157,Aged Wine (Voidberry),600,items food all,AgedWine
Item,1158,Aged Wine (Soulfruit),12000,items food all,AgedWine
Item,1159,Aged Wine (Grape),480,items food all,AgedWine
Item,1160,Aged Cheese (Perfect),285,items food all,AgedCheese4
Item,1161,Aged Cheese (Artisan),237,items food all,AgedCheese3
Item,1162,Aged Cheese (Quality),190,items food all,AgedCheese2
Item,1163,Aged Cheese (Basic),142,items food all,AgedCheese1
Item,1164,Aged Cheese (Perfect),332,items food all,AgedCheese4
Item,1165,Aged Cheese (Artisan),276,items food all,AgedCheese3
Item,1166,Aged Cheese (Quality),222,items food all,AgedCheese2
Item,1167,Aged Cheese (Basic),166,items food all,AgedCheese1
Item,1168,Aged Cheese (Perfect),380,items food all,AgedCheese4
Item,1169,Aged Cheese (Artisan),316,items food all,AgedCheese3
Item,1170,Aged Cheese (Quality),254,items food all,AgedCheese2
Item,1171,Aged Cheese (Basic),190,items food all,AgedCheese1
Item,1172,Fingerfruit,200,items food all,Fingerfruit
Item,1173,Void Plum,200,items food all,VoidPlum
Item,1174,Tentacle,332,items food all,Tentacle
Item,1175,Spiralberry,133,items food all,Spiralberry
Item,1176,Fingerfruit,250,items food all,Fingerfruit
Item,1177,Void Plum,250,items food all,VoidPlum
Item,1178,Tentacle,415,items food all,Tentacle
Item,1179,Spiralberry,166,items food all,Spiralberry
Item,1180,Fingerfruit,300,items food all,Fingerfruit
Item,1181,Void Plum,300,items food all,VoidPlum
Item,1182,Tentacle,500,items food all,Tentacle
Item,1183,Spiralberry,200,items food all,Spiralberry
Item,1184,Aged Wine (Spiralberry),450,items food all,AgedWine
Item,1185,Aged Wine (Void Plum),675,items food all,AgedWine
Item,1186,Aged Wine (Fingerfruit),675,items food all,AgedWine
Item,1187,Aged Wine (Spiralberry),525,items food all,AgedWine
Item,1188,Aged Wine (Void Plum),788,items food all,AgedWine
Item,1189,Aged Wine (Fingerfruit),788,items all food,AgedWine
Item,1190,Aged Wine (Spiralberry),600,items food all,AgedWine
Item,1191,Aged Wine (Void Plum),900,items food all,AgedWine
Item,1192,Aged Wine (Fingerfruit),900,items food all,AgedWine
Item,1193,Cloudberry,106,items food all,Cloudberry
Item,1194,Cloudberry,132,items food all,Cloudberry
Item,1195,Cloudberry,160,items food all,Cloudberry
Item,1196,Aged Wine (Cloudberry),450,items all food,AgedWine
Item,1197,Aged Wine (Cloudberry),525,items food all,AgedWine
Item,1198,Aged Wine (Cloudberry),600,items food all,AgedWine
Item,1199,Aged Honey Mead,315,items food all,AgedMead
Item,1200,Aged Gloom Ale,270,items food all,AgedGloomAle
Item,1201,Aged Honey Mead,367,items food all,AgedMead
Item,1202,Aged Gloom Ale,315,items food all,AgedGloomAle
Item,1203,Aged Honey Mead,420,items all food,AgedMead
Item,1204,Aged Gloom Ale,360,items all food,AgedGloomAle
Item,1205,Duskmelon,1064,items food all,Duskmelon
Item,1206,Duskberries,174,items food all,Duskberries
Item,1207,Eldersprout,612,items food all,Eldersprout
Item,1208,Coffee Bean,94,items food all,CoffeeBean
Item,1209,Cauliflower,666,items food all,Cauliflower
Item,1210,Strawberry,120,items food all,Strawberry
Item,1211,Duskmelon,1328,items food all,Duskmelon
Item,1212,Duskberries,216,items food all,Duskberries
Item,1213,Eldersprout,764,items food all,Eldersprout
Item,1214,Coffee Bean,118,items food all,CoffeeBean
Item,1215,Cauliflower,830,items food all,Cauliflower
Item,1216,Strawberry,150,items food all,Strawberry
Item,1217,Duskmelon,1600,items food all,Duskmelon
Item,1218,Duskberries,260,items food all,Duskberries
Item,1219,Eldersprout,920,items food all,Eldersprout
Item,1220,Coffee Bean,140,items food all,CoffeeBean
Item,1221,Cauliflower,1000,items food all,Cauliflower
Item,1222,Strawberry,180,items food all,Strawberry
Item,1223,Aged Wine (Strawberry),405,items food all,AgedWine
Item,1224,Aged Wine (Duskberry),485,items food all,AgedWine
Item,1225,Aged Wine (Duskmelon),1350,items food all,AgedWine
Item,1226,Aged Wine (Strawberry),472,items food all,AgedWine
Item,1227,Aged Wine (Duskberry),682,items food all,AgedWine
Item,1228,Aged Wine (Duskmelon),1575,items food all,AgedWine
Item,1229,Aged Wine (Strawberry),540,items food all,AgedWine
Item,1230,Aged Wine (Duskberry),780,items food all,AgedWine
Item,1231,Aged Wine (Duskmelon),1800,items food all,AgedWine
Item,1232,Tomato,188,items food all,Tomato
Item,1233,Dread Pepper,94,items food all,
Item,1234,Watermelon,532,items food all,Watermelon
Item,1235,Devilberries,134,items food all,
Item,1236,Squash,454,items food all,
Item,1237,Ghostberries,94,items food all,
Item,1238,Deathleaf,346,items food all,
Item,1239,Tomato,234,items food all,Tomato
Item,1240,Dread Pepper,118,items food all,
Item,1241,Watermelon,664,items food all,Watermelon
Item,1242,Devilberries,166,items food all,
Item,1243,Squash,566,items food all,
Item,1244,Ghostberries,118,items food all,
Item,1245,Deathleaf,432,items food all,
Item,1246,Tomato,280,items food all,Tomato
Item,1247,Dread Pepper,140,items food all,
Item,1248,Watermelon,800,items food all,Watermelon
Item,1249,Devilberries,200,items food all,
Item,1250,Squash,680,items food all,
Item,1251,Ghostberries,140,items food all,
Item,1252,Deathleaf,520,items food all,
Item,1253,Small Goat Milk,160,items food all,Milk
Item,1254,Large Goat Milk,214,items food all,Milk
Item,1255,Goat Cheese,266,items food all,Cheese
Item,1256,Aged Goat Cheese (Basic),300,items food all,AgedCheese1
Item,1257,Aged Goat Cheese (Quality),400,items all food,AgedCheese2
Item,1258,Aged Goat Cheese (Artisan),498,items food all,AgedCheese3
Item,1259,Aged Goat Cheese (Perfect),600,items food all,AgedCheese4
Item,1260,Small Goat Milk,200,items food all,Milk
Item,1261,Large Goat Milk,266,items food all,Milk
Item,1262,Goat Cheese,332,items food all,Cheese
Item,1263,Aged Goat Cheese (Basic),350,items food all,AgedCheese1
Item,1264,Aged Goat Cheese (Quality),466,items all food,AgedCheese2
Item,1265,Aged Goat Cheese (Artisan),581,items food all,AgedCheese3
Item,1266,Aged Goat Cheese (Perfect),700,items food all,AgedCheese4
Item,1267,Small Goat Milk,240,items food all,Milk
Item,1268,Large Goat Milk,320,items food all,Milk
Item,1269,Goat Cheese,400,items food all,Cheese
Item,1270,Aged Goat Cheese (Basic),400,items food all,AgedCheese1
Item,1271,Aged Goat Cheese (Quality),532,items all food,AgedCheese2
Item,1272,Aged Goat Cheese (Artisan),664,items food all,AgedCheese3
Item,1273,Aged Goat Cheese (Perfect),800,items food all,AgedCheese4
Item,1274,Peas,133,items food all,
Item,1275,Peas,166,items food all,
Item,1276,Peas,200,items food all,
Item,1505,=====Bugs + Quality====,0,,
Item,1506,Ladybug,30,items all,Ladybug
Item,1507,Ladybug,40,items all,Ladybug
Item,1508,Ladybug,50,items all,Ladybug
Item,1509,Ladybug,60,items all,Ladybug
Item,1510,Green Caterpillar,60,items all,GreenCaterpillar
Item,1511,Green Caterpillar,80,items all,GreenCaterpillar
Item,1512,Green Caterpillar,100,items all,GreenCaterpillar
Item,1513,Green Caterpillar,100,items all,GreenCaterpillar
Item,1514,Nightcrawler,80,items food all,Nightcrawler
Item,1515,Nightcrawler,106,items food all,Nightcrawler
Item,1516,Nightcrawler,132,items food all,Nightcrawler
Item,1517,Nightcrawler,160,items food all,Nightcrawler
Item,1518,Dustfly,100,items all,Dustfly
Item,1519,Dustfly,132,items all,Dustfly
Item,1520,Dustfly,166,items all,Dustfly
Item,1521,Dustfly,200,items all,Dustfly
Item,1522,Shadewing Moth,200,items all,ShadewingMoth
Item,1523,Shadewing Moth,266,items all,ShadewingMoth
Item,1524,Shadewing Moth,332,items all,ShadewingMoth
Item,1525,Shadewing Moth,400,items all,ShadewingMoth
Item,1526,Bloodwing Moth,300,items all,BloodwingMoth
Item,1527,Bloodwing Moth,400,items all,BloodwingMoth
Item,1528,Bloodwing Moth,500,items all,BloodwingMoth
Item,1529,Bloodwing Moth,600,items all,BloodwingMoth
Item,1530,Pale Empress Moth,500,items all,PaleEmpressMoth
Item,1531,Pale Empress Moth,665,items all,PaleEmpressMoth
Item,1532,Pale Empress Moth,830,items all,PaleEmpressMoth
Item,1533,Pale Empress Moth,1000,items all,PaleEmpressMoth
Item,1596,Duskmelon Slice,300,items food all,Duskmelon
Item,1597,====Crops Cont.====,0,,
Item,1598,Duskmelon,800,items food all,Duskmelon
Item,1599,Duskberries,130,items food all,Duskberries
Item,1600,Eldersprout,460,items food all,Eldersprout
Item,1601,Coffee Bean,70,items food all,CoffeeBean
Item,1602,Cauliflower,500,items food all,Cauliflower
Item,1603,Strawberry,90,items food all,Strawberry
Item,1604,Tomato,140,items food all,Tomato
Item,1605,Dread Pepper,70,items food all,
Item,1606,Watermelon,400,items food all,Watermelon
Item,1607,Devilberries,100,items food all,
Item,1608,Squash,340,items food all,
Item,1609,Ghostberries,70,items food all,
Item,1610,Deathleaf,260,items food all,
Item,1611,Peas,100,items food all,
Item,1741,Cook Ex,166,items food all,Bonefish
Item,1742,Craft Ex,332,items material all,Shyfish
Item,1743,Slice ex,266,items material all,
Item,1744,Sell ex,498,items all,
Item,1745,====Fish Cont=====,0,,
Item,1746,Lake Screamer,40,items food all,Ghost Flounder
Item,1747,Midnight Crayfish,120,items material all,Rock-Dweller
Item,1748,Gold Sturgeon,280,items all,
Item,1749,Blood Carp,40,items food all,Ancient Pike
Item,1750,Bottom-Feeder,80,items food all,Fog Eel
Item,1751,Void-Floater,280,items all,
Item,1752,Stoneshell Turtle,120,items material all,Stonelurker
Item,1753,Glowfish,120,items food all,Ghost Flounder
Item,1754,Dust Crab,80,items food all,Fog Eel
Item,1755,Blerpfish,280,items all,
Item,1756,Manefish,120,items material all,Stonelurker
Item,1757,Koi Fish,140,items food all,Razorfish
Item,1758,Ashball,200,items all,
Item,1759,Aetherfin,300,items all,
Item,1760,Corpsefish,40,items food all,Ghost Flounder
Item,1761,Lake Screamer,54,items food all,Ghost Flounder
Item,1762,Midnight Crayfish,160,items material all,Rock-Dweller
Item,1763,Gold Sturgeon,372,items all,
Item,1764,Blood Carp,54,items food all,Ancient Pike
Item,1765,Bottom-Feeder,106,items food all,Fog Eel
Item,1766,Void-Floater,372,items all,
Item,1767,Stoneshell Turtle,160,items material all,Stonelurker
Item,1768,Glowfish,160,items food all,Ancient Pike
Item,1769,Dust Crab,106,items food all,Fog Eel
Item,1770,Blerpfish,372,items all,
Item,1771,Manefish,160,items material all,Stonelurker
Item,1772,Koi Fish,186,items food all,Razorfish
Item,1773,Ashball,266,items all,
Item,1774,Aetherfin,400,items all,
Item,1775,Corpsefish,54,items food all,Ghost Flounder
Item,1776,Lake Screamer,66,items food all,Ghost Flounder
Item,1777,Midnight Crayfish,200,items material all,Rock-Dweller
Item,1778,Gold Sturgeon,464,items all,
Item,1779,Blood Carp,66,items food all,Ancient Pike
Item,1780,Bottom-Feeder,132,items food all,Fog Eel
Item,1781,Void-Floater,464,items all,
Item,1782,Stoneshell Turtle,200,items material all,Stonelurker
Item,1783,Glowfish,200,items food all,Ancient Pike
Item,1784,Dust Crab,132,items food all,Fog Eel
Item,1785,Blerpfish,464,items all,
Item,1786,Manefish,200,items material all,Stonelurker
Item,1787,Koi Fish,232,items food all,Razorfish
Item,1788,Ashball,332,items all,
Item,1789,Aetherfin,498,items all,
Item,1790,Corpsefish,66,items food all,Ghost Flounder
Item,1791,Lake Screamer,80,items food all,Ghost Flounder
Item,1792,Midnight Crayfish,240,items material all,Rock-Dweller
Item,1793,Gold Sturgeon,560,items all,
Item,1794,Blood Carp,80,items food all,Ancient Pike
Item,1795,Bottom-Feeder,160,items food all,Fog Eel
Item,1796,Void-Floater,560,items all,
Item,1797,Stoneshell Turtle,240,items material all,Stonelurker
Item,1798,Glowfish,240,items food all,Ancient Pike
Item,1799,Dust Crab,160,items food all,Fog Eel
Item,1800,Blerpfish,560,items all,
Item,1801,Manefish,240,items material all,Stonelurker
Item,1802,Koi Fish,280,items food all,Razorfish
Item,1803,Ashball,400,items all,
Item,1804,Aetherfin,600,items all,
Item,1805,Corpsefish,80,items food all,Ghost Flounder
Item,1806,Lake Shrimp,40,items food all,Ghost Flounder
Item,1807,Mud Snail,60,items material all,Rock-Dweller
Item,1808,Starfish,80,items all,
Item,1809,Spiked Clam,100,items food all,Fog Eel
Item,1810,Hermit Crab,160,items food all,Ancient Pike
Item,1811,Lake Mollusk,200,items all,
Item,1812,Stoneshell Crab,240,items material all,Stonelurker
Item,1813,Lake Shrimp,54,items food all,Ghost Flounder
Item,1814,Mud Snail,80,items material all,Rock-Dweller
Item,1815,Starfish,106,items all,
Item,1816,Spiked Clam,134,items food all,Fog Eel
Item,1817,Hermit Crab,212,items food all,Ancient Pike
Item,1818,Lake Mollusk,266,items all,
Item,1819,Stoneshell Crab,320,items material all,Stonelurker
Item,1820,Lake Shrimp,66,items food all,Ghost Flounder
Item,1821,Mud Snail,100,items material all,Rock-Dweller
Item,1822,Starfish,132,items all,
Item,1823,Spiked Clam,166,items food all,Fog Eel
Item,1824,Hermit Crab,266,items food all,Ancient Pike
Item,1825,Lake Mollusk,332,items all,
Item,1826,Stoneshell Crab,398,items material all,Stonelurker
Item,1827,Lake Shrimp,80,items food all,Ghost Flounder
Item,1828,Mud Snail,120,items material all,Rock-Dweller
Item,1829,Starfish,160,items all,
Item,1830,Spiked Clam,200,items food all,Fog Eel
Item,1831,Hermit Crab,320,items food all,Ancient Pike
Item,1832,Lake Mollusk,400,items all,
Item,1833,Stoneshell Crab,480,items material all,Stonelurker
Item,1834,Small Ghostfish,0,items all,
Item,1835,Big Ghostfish,0,items all,
Item,1836,Fat Ghostfish,0,items all,
Item,1992,Slime (Green),1000,items all pet,
Item,1993,Cat (Black),500,items all pet,
Item,1994,Dog (Black),500,items all pet,
Item,1995,Brain (Pink),1000,items all pet,
Item,1996,Eyeball (White),1000,items all pet,
Item,1997,Tentacle (Purple),1000,items all pet,
Item,1998,Worm (Pink),500,items all pet,
Item,1999,Bat (Black),500,items all pet,
Item,2000,^===Pets===^,0,,
Item,2001,======More Items======,0,,
Item,2002,Ice Cream,50,items all food,
Item,2003,Protein Shake,50,items all food,
Item,2004,Smoothie,50,items food all,
Item,2005,Bubble-Tea,50,items food all,
Item,2006,Cloudberry Punch,50,items food all,
Item,2007,Fingerfruit Juice,50,items food all,
Item,2008,Grape Drink,50,items food all,
Item,2009,Vegetable Cocktail,50,items food all,
Item,2010,Takoyaki,50,items food all,
Item,2011,Void Plum Pie,50,items food all,
Item,2012,Hearty Omelette,50,items food all,
Item,2013,Fruit Salad,50,items food all,
Item,2014,Dense Gold Ore,160,items material all,
Item,2015,Dense Iron Ore,100,items material all,
Item,2016,Blackiron Ore,300,items material all,
Item,2017,Hard Bones,70,items material all,
Item,2018,Tinker's Desk,0,items utility all deco,
Item,2019,Blast Kiln,100,items utility deco all,
Item,2020,Slicer,100,items utility all deco,
Item,2021,Generator,100,items utility all deco,
Item,2022,Ancientwood,40,items material all,
Item,2023,Gold Plate,160,items material all,
Item,2024,Steel Bar,100,items material all,
Item,2025,Blacksteel Bar,300,items material all,
Item,2026,Bone Ingot,70,items material all,
Item,2027,Gravemoss,40,items food material all,
Item,2028,Ghost Crystal,100,items material all,
Item,2029,Death Crystal,100,items material all,
Item,2030,Light Crystal,100,items material all,
Item,2031,Deep Crystal,100,items material all,
Item,2032,Moon Crystal,100,items material all,
Item,2033,Dream Crystal,100,items material all,
Item,2034,Greater Ghost Crystal,250,items material all,
Item,2035,Greater Death Crystal,250,items material all,
Item,2036,Greater Light Crystal,250,items material all,
Item,2037,Greater Deep Crystal,250,items material all,
Item,2038,Greater Moon Crystal,250,items material all,
Item,2039,Greater Dream Crystal,250,items material all,
Item,2040,Crafting Pattern,100,items material all,
Item,2041,Bait Pack (Tier 2),250,items utility all,
Item,2042,Offering of The Void,100,items utility all,
Item,2043,Cup of Coffee,100,items food all,
Item,2044,Coffee Maker,0,items utility deco all,
Item,2045,Oven,0,items utility deco all,
Item,2046,Jeweller’s Desk,0,items utility all deco,
Item,2047,Forge Upgrade (t3),0,items all utility,
Item,2048,Skeletal Scarecrow,100,items utility all,
Item,2049,Bone Honey,100,items food all,
Item,2050,Mystery Roast,50,items food all,
Item,2051,Baked Crab,50,items food all,
Item,2052,Strawberry Pie,50,items food all,
Item,2053,Duskmelon Cupcake,50,items food all,
Item,2054,Baked Serpent,50,items food all,
Item,2055,Serpent Soup,50,items food all,
Item,2056,Eldersprout Pizza,50,items food all,
Item,2057,Duskberry Cake,50,items food all,
Item,2058,Healthy Platter,50,items food all,
Item,2059,Super Stew,50,items food all,
Item,2060,Filling Platter,50,items food all,
Item,2061,Dusk Juice,50,items food all,
Item,2062,Vegetable Smoothie,50,items food all,
Item,2063,Energy Drink,50,items food all,
Item,2064,Combat Drink,50,items potion all,
Item,2065,Poison Vial,50,items potion all,
Item,2066,Molotov Cocktail,50,items potion all,
Item,2067,Exploding Candy,30,items potion all,
Item,2068,Forbidden Elixir,100,items potion all,
Item,2069,Pocket Sand,50,items potion all,
Item,2070,Recall Potion,50,items potion all,
Item,2071,Spellbomb of Chaos,50,items potion all,
Item,2072,Spellbomb of Hex,50,items potion all,
Item,2073,Cornstalker Scarecrow,100,items utility all,
Item,2074,Superior Watering Can,0,items utility all tool,
Item,2075,Superior Gardening Hoe,0,items utility all tool,
Item,2076,Superior Pickaxe,0,items all utility tool,
Item,2077,Superior Axe,0,items all utility tool,
Item,2078,Superior Scythe,0,items utility all tool,
Item,2079,Monkey Brains,100,items food all,
Item,2080,Gemberries,300,items food all,
Item,2081,Jar of Blood,300,items food all,
Item,2082,Goldberries,150,items food all,
Item,2083,Strange Fruit,150,items food all,
Item,2084,Swiftroot,150,items food all,
Item,2085,Void Sashimi,100,items food all,
Item,2086,Flesh Coral,250,items food all,
Item,2087,Gem Beetle,120,items all,
Item,2088,Potion of Everything,300,items food potion all,
Item,2089,Odd Sandwich,50,items food all,
Item,2090,Assorted Gems,120,items all,
Item,2091,Dead Leaves,50,items all material,guano
Item,2092,Lemonade,25,items food all,
Item,2093,Snow Pearls,20,items material all,
Item,2094,Flask of Blood,75,items food all,
Item,2095,Small Goat Milk,120,items food all,Milk
Item,2096,Large Goat Milk,160,items food all,Milk
Item,2097,Goat Cheese,200,items food all,Cheese
Item,2098,Aged Goat Cheese (Basic),250,items food all,AgedCheese1
Item,2099,Aged Goat Cheese (Quality),332,items all food,AgedCheese2
Item,2100,Aged Goat Cheese (Artisan),415,items food all,AgedCheese3
Item,2101,Aged Goat Cheese (Perfect),500,items food all,AgedCheese4
Item,2102,Goat Horn,500,items material all,
Item,2103,Sweet Lollipop,20,items food all,
Item,2104,Sour Lollipop,20,items food all,
Item,2105,Chocolate Bar,20,items food all,
Item,2106,Bubble Gum,20,items food all,
Item,2107,Spicy Candy,20,items food all,
Item,2108,Pumpkin Decoration,100,items all deco,
Item,2109,Witch Decoration,100,items all deco,
Item,2110,Ghost Decoration,100,items all deco,
Item,2111,Skeleton Decoration,75,items all deco,
Item,2112,Devil Decoration,100,items all deco,
Item,2113,Pumpkin Stand Decoration,75,items all deco,
Item,2114,Ghost Stand Decoration,75,items all deco,
Item,2115,Candy Corn Decoration,50,items all deco,
Item,2116,Golden Egg,160,items all,
Item,2117,Mystery Egg,50,items potion all,
Item,2118,Meat Egg,50,items food all,
Item,2119,Slime Egg,50,items food all,
Item,2120,Obsidian Egg,50,items potion all,
Item,2121,Ghost Egg,50,items potion all,
Item,2122,Floral Scarecrow,100,items utility all,
Item,2123,Farmhouse Lantern,75,items all deco,
Item,2124,Harvest Stand Decoration,75,items all deco,
Item,2125,Good Luck Sack,75,items all deco,
Item,2126,Warding Herbs,100,items all deco,
Item,2127,Wicker Scarecrow,100,items utility all,
Item,2128,Crab Pot,800,items all utility tool,
Item,2129,Cotton Candy,50,items food all,
Item,2130,Ghostly Scarecrow,100,items utility all,
Item,2131,Hot Chocolate,50,items food all,
Item,2132,Treasure Casket,100,items utility all,
Item,2133,Brick,30,items material all,
Item,2134,Hardwood Plank,50,items material all,
Item,2135,Metal Rod,120,items material all,
Item,2136,Iron Chain,1000,items material all,
Item,2137,Bucket of Paint,100,items material all,
Item,2138,Golden Rod,500,items material all,
Item,2139,Simple Jerky,30,items food all,
Item,2140,Simple Sausage,50,items food all,
Item,2141,Spiced Jerky,50,items food all,
Item,2142,Spiced Sausage,80,items food all,
Item,2143,Cured Simple Steak,100,items food all,
Item,2144,Cured Spiced Steak,120,items food all,
Item,2145,Mana Sausage,80,items food all,
Item,2146,Cured Mana Steak,120,items food all,
Item,2147,Simple Jerky (Raw),30,items food all,
Item,2148,Simple Sausage (Raw),50,items food all,
Item,2149,Spiced Jerky (Raw),50,items food all,
Item,2150,Spiced Sausage (Raw),80,items food all,
Item,2151,Cured Simple Steak (Raw),100,items food all,
Item,2152,Cured Spiced Steak (Raw),120,items food all,
Item,2153,Mana Sausage (Raw),80,items food all,
Item,2154,Cured Mana Steak (Raw),120,items food all,
Item,2155,Rawhide,100,items material all,
Item,2156,Basic Herb Bundle (Wet),30,items food material all,
Item,2157,Basic Herb Bundle,30,items food material all,
Item,2158,Creature Claw,30,items material all,
Item,2159,Mysterious Ooze,20,items food material all,
Item,2160,Wishbone,100,items material all,
Item,2161,Goldpuff,30,items material all,
Item,2162,Brain,30,items material all,
Item,2163,Viscera,20,items food material all,
Item,2164,Leadleaf,60,items material all,
Item,2165,Entrails,20,items food material all,
Item,2166,Soulroot,30,items food material all,
Item,2167,Corrupted Tar,50,items material all,
Item,2168,Rune of the Dead God,100,items material all,
Item,2169,Potent Herb Bundle (Wet),200,items food material all,
Item,2170,Potent Herb Bundle,200,items food material all,
Item,2171,Thick Hide,50,items material all,
Item,2172,Hazard Potion,50,items potion all,
Item,2173,Blood Potion,50,items potion all,
Item,2174,Love Potion,250,items potion all,
Item,2175,Ring of Binding,0,items utility all,
Item,2176,Simple Kebab,30,items food all,
Item,2177,Slayer's Feast,30,items food all,
Item,2178,Blood Punch,30,items food all,
Item,2179,Slime Tonic,30,items food all,
Item,2180,Strawberry Milk,30,items food all,
Item,2181,Blood Skewer,30,items food all,
Item,2182,Soothing Soup,30,items food all,
Item,2183,Herbal Salve,50,items food all,
Item,2184,Apple,40,items food all,
Item,2185,Lucky Reel,0,items all utility,
Item,2186,Sturdy Reel,0,items all utility,
Item,2187,Premium Reel,0,items all utility,
Item,2188,Stealth Reel,0,items all utility,
Item,2189,Fish Finder,0,items all utility,
Item,2190,Gem Bag,150,items utility all,
Item,2191,Rare Gem Bag,400,items utility all,
Item,2192,Elder Coral,20,items material all,
Item,2193,Damp Gem Cluster,30,items material all,
Item,2194,Elder Flour,100,items food all,
Item,2195,Eldritch Tears,100,items material food all,
Item,2196,Damp Stone,15,items material all,
Item,2197,Damp Dust,35,items material food all,
Item,2198,Sweet Cookie,50,items food potion all,
Item,2199,Sturdy Cookie,50,items food potion all,
Item,2200,Soft Cookie,50,items food potion all,
Item,2201,Rich Cookie,50,items food potion all,
Item,2202,Rage Cookie,50,items food potion all,
Item,2203,Perfect Cookie,50,items food potion all,
Item,2204,The Book of Cookies,8000,items utility all,
Item,2205,Vileroot,15,items material food all,
Item,2206,Vilebloom,15,items material food all,
Item,2207,Vilewood,15,items material all,
Item,2208,Vile Relic,250,items material all,
Item,2209,Tome of Vile Patterns,25000,items utility all,
Item,2210,Tome of Culinary Lore,20000,items utility all,
Item,2211,Tome of Lost Tinctures,15000,items utility all,
Item,2212,Herbal Roast,50,items food all,
Item,2213,Herbal Crab,50,items food all,
Item,2214,Herbal Pie,50,items food all,
Item,2215,Herbal Cupcake,50,items food all,
Item,2216,Herbal Serpent,50,items food all,
Item,2217,Herbal Soup,50,items food all,
Item,2218,Herbal Pizza,50,items food all,
Item,2219,Herbal Cake,50,items food all,
Item,2220,Herbal Platter,50,items food all,
Item,2221,Herbal Stew,50,items food all,
Item,2222,Herbal Feast,50,items food all,
Item,2223,Chaos Potion,50,items potion all,
Item,2224,Taunting Potion,50,items potion all,
Item,2225,Soulbargain Potion,50,items potion all,
Item,2226,Night-Owl Potion,50,items potion all,
Item,2227,Potion of Commerce,50,items potion all,
Item,2228,Potion of Debt,50,items potion all,
Item,2229,Potion of Refuse,50,items potion all,
Item,2230,Blood-Soaked Gem Bag,150,items utility all,
Item,2231,Small Meat Chunk,64,items food all material,
Item,2232,Medium Meat Chunk,96,items food all material,
Item,2233,Large Meat Chunk,128,items food all material,
Item,2234,Huge Meat Chunk,160,items food all material,
Item,2235,Combat Offering,200,items utility all,
Item,2236,Goodie Bag,150,items utility all,
Item,2237,Soul Fragments,50,items material all,
Item,2238,Crimson Ore,200,items material all,
Item,2239,Crimson Bar,300,items material all,
Item,2240,Crimson Sinew,50,items material all,
Item,2241,Cursed Bones,40,items material all,
Item,2242,Cursed Skull,75,items material all,
Item,2243,Cursed Bone Fragments,100,items material all,
Item,2244,Cursed Demon Skull,200,items material all,
Item,2245,Tome of Fine Relics,0,items utility all,
Item,2246,Tome of Warped Fusion,0,items utility all,
Item,2329,==Pickles/Wine Contd.====,0,,
Item,2330,Jelly (Tomato),330,items food all,
Item,2331,Pickles (Dread Pepper),190,items food all,
Item,2332,Jelly (Watermelon),850,items food all,
Item,2333,Jelly (Devilberry),250,items food all,
Item,2334,Pickles (Squash),730,items food all,
Item,2335,Jelly (Ghostberry),190,items food all,
Item,2336,Pickles (Deathleaf),570,items food all,
Item,2337,Wine (Watermelon),1596,items food all,
Item,2338,Wine (Devilberry),402,items food all,
Item,2339,Wine (Ghostberry),210,items food all,
Item,2340,Aged Wine (Watermelon),1995,items food all,AgedWine
Item,2341,Aged Wine (Devilberry),502,items food all,AgedWine
Item,2342,Aged Wine (Ghostberry),262,items food all,AgedWine
Item,2343,Aged Wine (Watermelon),2394,items food all,AgedWine
Item,2344,Aged Wine (Devilberry),603,items food all,AgedWine
Item,2345,Aged Wine (Ghostberry),315,items food all,AgedWine
Item,2346,Aged Wine (Watermelon),2793,items food all,AgedWine
Item,2347,Aged Wine (Devilberry),704,items food all,AgedWine
Item,2348,Aged Wine (Ghostberry),378,items food all,AgedWine
Item,2349,Aged Wine (Watermelon),3192,items food all,AgedWine
Item,2350,Aged Wine (Devilberry),804,items food all,AgedWine
Item,2351,Aged Wine (Ghostberry),420,items food all,AgedWine
Item,2498,Window,50,items deco all,
Item,2499,Furniture,100,items deco all,
Item,2500,====Decor Cont'd====,0,,
Item,2501,Large Oil Painting,200,items deco all,
Item,2502,Wide Oil Painting 2,100,items deco all,
Item,2503,Wide Oil Painting 1,100,items deco all,
Item,2504,Tall Butterfly Display 2,50,items deco all,
Item,2505,Tall Butterfly Display 1,50,items deco all,
Item,2506,Small Butterfly Display 3,25,items deco all,
Item,2507,Small Butterfly Display 2,25,items deco all,
Item,2508,Small Butterfly Display 1,25,items deco all,
Item,2509,Small Oil Painting 2,100,items deco all,
Item,2510,Small Oil Painting 1,100,items deco all,
Item,2511,Framed Metal Window,50,items deco all,
Item,2512,Framed White Window,50,items deco all,
Item,2513,Framed Mahogany Window,50,items deco all,
Item,2514,Tall White Window,50,items deco all,
Item,2515,Tall Mahogany Window,50,items deco all,
Item,2516,Hanging Chains,25,items deco all,
Item,2517,Wood Tribal Mask,25,items deco all,
Item,2518,Fire Extinguisher,25,items deco all,
Item,2519,Wall Telephone,50,items deco all,
Item,2520,Industrial Wall Light,25,items deco all,
Item,2521,Small Porthole Window,50,items deco all,
Item,2522,Oval Wall Mirror,100,items deco all,
Item,2523,Small Torn Photo,25,items deco all,
Item,2524,Cuckoo Clock,50,items deco all,
Item,2525,Horror Poster 3,25,items deco all,
Item,2526,Horror Poster 2,25,items deco all,
Item,2527,Horror Poster 1,25,items deco all,
Item,2528,Broken Mahogany Chair,50,items deco all,
Item,2529,Mahogany Chair,100,items deco all,
Item,2530,Vintage Chair,100,items deco all,
Item,2531,Mahogany Railing,50,items deco all,
Item,2532,Blue Bench,25,items deco all,
Item,2533,Porcelain Bathtub,150,items deco all,
Item,2534,Mahogany Bookshelf,100,items deco all,
Item,2535,Mahogany Bed,200,items deco all,
Item,2536,Tattered Bed,50,items deco all,
Item,2537,Wood Park bench,50,items deco all,
Item,2538,Street-Pattern Rug,200,items deco all,
Item,2539,Large Metal Cage,200,items deco all,
Item,2540,Brown Oval Rug,50,items deco all,
Item,2541,Fancy Fireplace,1000,items deco all,
Item,2542,Pool Table,500,items deco all,
Item,2543,Bunk Bed,300,items deco all,
Item,2544,Pink Polka-Dot Rug,25,items deco all,
Item,2545,Orange Polka-Dot Rug,50,items deco all,
Item,2546,Brown Square Rug,50,items deco all,
Item,2547,Mahogany Kotatsu,150,items deco all,
Item,2548,Cluttered Painter's Shelf,50,items deco all,
Item,2549,Harp,300,items deco all,
Item,2550,Player Piano,300,items deco all,
Item,2551,Grand Piano,800,items deco all,
Item,2552,Doll House,100,items deco all,
Item,2553,Creepy Bookshelf,100,items deco all,
Item,2554,Cat Tower,50,items deco all,
Item,2555,Carpenter's Wardrobe,50,items deco all,
Item,2556,Stacked Shelves 2,50,items deco all,
Item,2557,Stacked Shelves 1,50,items deco all,
Item,2558,Shoji Screen 2,50,items deco all,
Item,2559,Shoji Screen 1,50,items deco all,
Item,2560,Torn Shoji Screen,50,items deco all,
Item,2561,Ruined Modern Counter,50,items deco all,
Item,2562,Drafting Table,50,items deco all,
Item,2563,Blackboard,50,items deco all,
Item,2564,Lectern,50,items deco all,
Item,2565,Easel,25,items deco all,
Item,2566,Tattered Table,25,items deco all,
Item,2567,Fabric Stand,50,items deco all,
Item,2568,Ornate Table,300,items deco all,
Item,2569,Card Table,50,items deco all,
Item,2570,Wide Wood Drawers,25,items deco all,
Item,2571,Modern Fridge,100,items deco all,
Item,2572,Bust Statue 1,75,items deco all,
Item,2573,Arcade Machine,200,items deco all,
Item,2574,Coat Rack,25,items deco all,
Item,2575,Porcelain Toilet,50,items deco all,
Item,2576,Bird Statue,75,items deco all,
Item,2577,Standing Candelabra,75,items deco all,
Item,2578,Standing Mirror,50,items deco all,
Item,2579,Dress Form,75,items deco all,
Item,2580,Porcelain Sink,50,items deco all,
Item,2581,Garbage Can,25,items deco all,
Item,2582,White Counter (Sink),25,items deco all,
Item,2583,White Counter,25,items deco all,
Item,2584,Donut Stand,25,items deco all,
Item,2585,Paint Palette,25,items deco all,
Item,2586,Teddy Bear,50,items deco all,
Item,2587,Aquarium,100,items deco all,
Item,2588,Paint Brush,25,items deco all,
Item,2589,Jar of Pens,25,items deco all,
Item,2590,Can of Paint,25,items deco all,
Item,2591,Espresso Machine,150,items deco all,
Item,2592,Basketball,25,items deco all,
Item,2593,Plate of Donuts,25,items deco all,
Item,2594,Holy Book,25,items deco all,
Item,2595,Picnic Basket,25,items deco all,
Item,2596,Telephone,50,items deco all,
Item,2597,White Bay Windows,200,items deco all,
Item,2598,Mahogany Bay Windows,200,items deco all,
Item,2599,Mahogany Windows (Curtain),150,items deco all,
Item,2600,Tattered Wood Shelf,25,items deco all,
Item,2601,Herb Drying Shelf,50,items deco all,
Item,2602,Animal Skull,25,items deco all,
Item,2603,Boarded Window,25,items deco all,
Item,2604,Paper Window,50,items deco all,
Item,2605,Framed Photo 1,25,items deco all,
Item,2606,Wide Butterfly Display,50,items deco all,
Item,2607,Wide Bug Display 4,50,items deco all,
Item,2608,Wide Bug Display 3,50,items deco all,
Item,2609,Wide Bug Display 2,50,items deco all,
Item,2610,Wide Bug Display 1,50,items deco all,
Item,2611,Ghostly Couch,50,items deco all,
Item,2612,Ghostly Table,50,items deco all,
Item,2613,Ghostly Lamp,50,items deco all,
Item,2614,Ghostly Rug,50,items deco all,
Item,2615,Ghostly End Table,50,items deco all,
Item,2616,Ghostly Chair,50,items deco all,
Item,2617,Craftsman's Bench,0,items utility all deco,
Item,2618,Drying Rack,0,items utility all deco,
Item,2619,Prep Table,0,items utility all deco,
Item,2620,Teleporter,0,items deco all,
Item,2621,Totem of Calling,0,items deco all,
Item,2622,Totem of Cultivation,0,items deco all,
Item,2623,Kitchen rack,0,items deco all,
Item,2624,Lapidary Table,0,items all utility,
Item,2625,Contract: Wind Turbine,25000,items utility deco all,
Item,2626,Garden Shelter,100,items utility deco all,
Item,2627,Short Rope Fence,4,items deco all,
Item,2628,Tall Wire Fence,4,items deco all,
Item,2629,Cemetery Fence,4,items deco all,
Item,2630,Tall Garden Wall,4,items deco all,
Item,2631,Hedge Maze Wall,4,items deco all,
Item,2632,Corn Maze Wall,4,items deco all,
Item,2633,Red Picket Fence,4,items deco all,
Item,2634,White Picket Fence,4,items deco all,
Item,2635,Brown Picket Fence,4,items deco all,
Item,2636,Medium Wooden Shelter,200,items utility deco all,
Item,2637,Large Wooden Shelter,300,items utility deco all,
Item,2638,Dirt Path,4,items deco all,
Item,2639,Gravel Path,4,items deco all,
Item,2640,Concrete Path,4,items deco all,
Item,2641,Tile Path,4,items deco all,
Item,2642,Ancient Shrine,50,items deco all,
Item,2643,Large Machine,50,items deco all,
Item,2644,Black Garbage Can,50,items deco all,
Item,2645,Black Tombstone,50,items deco all,
Item,2646,Crate of Farming Tools,50,items deco all,
Item,2647,Crate of Garden Tools,50,items deco all,
Item,2648,Broken Bench,50,items deco all,
Item,2649,Broken Post,50,items deco all,
Item,2650,Chopping Block,50,items deco all,
Item,2651,Laundry Line,50,items deco all,
Item,2652,Coffin,50,items deco all,
Item,2653,Crate Pile,50,items deco all,
Item,2654,Crooked Signpost,50,items deco all,
Item,2655,Crate of Carrots,50,items deco all,
Item,2656,Crate of Corn,50,items deco all,
Item,2657,Crate of Lettuce,50,items deco all,
Item,2658,Crate of Pumpkins,50,items deco all,
Item,2659,Crate of Tomatoes,50,items deco all,
Item,2660,Crate of Watermelon,50,items deco all,
Item,2661,Crate of Wheat,50,items deco all,
Item,2662,Danger Sign,50,items deco all,
Item,2663,Gardening Wheelbarrow,50,items deco all,
Item,2664,Farming Wheelbarrow,50,items deco all,
Item,2665,Empty Flower Pot,50,items deco all,
Item,2666,Fire Hydrant,50,items deco all,
Item,2667,Fire Pit,50,items deco all,
Item,2668,Garden Fountain,50,items deco all,
Item,2669,Garbage Heap 1,50,items deco all,
Item,2670,Garbage Heap 2,50,items deco all,
Item,2671,Gardening Table,50,items deco all,
Item,2672,Giant Broken Barrel,50,items deco all,
Item,2673,Giant Rock,50,items deco all,
Item,2674,Cross Tombstone,50,items deco all,
Item,2675,Hay Pile,50,items deco all,
Item,2676,Giant Fountain,50,items deco all,
Item,2677,Iron Brazier,50,items deco all,
Item,2678,Junk Pile 1,50,items deco all,
Item,2679,Junk Pile 2,50,items deco all,
Item,2680,Large Cross Tombstone,50,items deco all,
Item,2681,Large Grave 1,50,items deco all,
Item,2682,Large Grave 2,50,items deco all,
Item,2683,Round Tombstone,50,items deco all,
Item,2684,Offering Post,50,items deco all,
Item,2685,Open Grave,50,items deco all,
Item,2686,Pet House,50,items deco all,
Item,2687,Picnic (Blue),50,items deco all,
Item,2688,Picnic (Pink),50,items deco all,
Item,2689,Picnic Table,50,items deco all,
Item,2690,Plank Pile,50,items deco all,
Item,2691,Pylon,50,items deco all,
Item,2692,Sack Pile,50,items deco all,
Item,2693,Birdhouse (Teal),50,items deco all,
Item,2694,Birdhouse (Brown),50,items deco all,
Item,2695,Birdhouse (Pink),50,items deco all,
Item,2696,Birdhouse (Red),50,items deco all,
Item,2697,Stack of Tires,50,items deco all,
Item,2698,Drinking Fountain,50,items deco all,
Item,2699,Stone Shrub Garden,50,items deco all,
Item,2700,Swingset,50,items deco all,
Item,2701,Tent,50,items deco all,
Item,2702,Toxic Waste Barrel,50,items deco all,
Item,2703,Toxic Waste Machine,50,items deco all,
Item,2704,Water Barrel,50,items deco all,
Item,2705,Weather Vane,50,items deco all,
Item,2706,Empty Wheelbarrow,50,items deco all,
Item,2707,Small Wooden Cross,50,items deco all,
Item,2708,Wooden Table,50,items deco all,
Item,2709,Log Pile,50,items deco all,
Item,2710,Hazard Barrier,50,items deco all,
Item,2711,Pipe,50,items deco all,
Item,2712,Scattered Bones,50,items deco all,
Item,2713,Skeleton 1,50,items deco all,
Item,2714,Skeleton 2,50,items deco all,
Item,2715,Bloody Clump,50,items deco all,
Item,2716,Wooden Bucket,50,items deco all,
Item,2717,Totem of Community,0,items deco all,
Item,2918,Flesh Gem,400,items all material,
Item,2919,Viscera Gem,400,items all material,
Item,2920,Sinew Gem,400,items all material,
Item,2921,Clot Gem,400,items all material,
Item,2922,Meat Gem,400,items all material,
Item,2923,Artery Gem,400,items all material,
Item,2924,Perfect Focus Gem,300,items all material,
Item,2925,Perfect Rage Gem,300,items all material,
Item,2926,Perfect Swift Gem,300,items all material,
Item,2927,Perfect Magic Gem,300,items all material,
Item,2928,Perfect Sharp Gem,300,items all material,
Item,2929,Perfect Mind Gem,300,items all material,
Item,2930,Perfect Armor Gem,300,items all material,
Item,2931,Perfect Greed Gem,300,items all material,
Item,2932,Perfect Soul Gem,300,items all material,
Item,2933,Perfect Blood Gem,300,items all material,
Item,2934,Treasure Gem,400,items all material,
Item,2935,Riptide Gem,400,items all material,
Item,2936,Fog Gem,400,items all material,
Item,2937,Coral Gem,400,items all material,
Item,2938,Tidal Gem,400,items all material,
Item,2939,Damp Gem,400,items all material,
Item,2940,Greater Mind Gem,100,items all material,
Item,2941,Greater Armor Gem,100,items all material,
Item,2942,Greater Greed Gem,100,items all material,
Item,2943,Greater Soul Gem,100,items all material,
Item,2944,Greater Blood Gem,100,items all material,
Item,2945,Reflection Gem,300,items all material,
Item,2946,Payback Gem,300,items all material,
Item,2947,Faithful Gem,300,items all material,
Item,2948,Fortress Gem,300,items all material,
Item,2949,Dominating Gem,300,items all material,
Item,2950,Blasphemous Gem,300,items all material,
Item,2951,Insensate Gem,300,items all material,
Item,2952,Lesser Greed Gem,50,items all material,
Item,2953,Greater Focus Gem,100,items all material,
Item,2954,Greater Rage Gem,100,items all material,
Item,2955,Greater Swift Gem,100,items all material,
Item,2956,Greater Magic Gem,100,items all material,
Item,2957,Greater Sharp Gem,100,items all material,
Item,2958,Insight Gem,50,items all material,
Item,2959,Curse Gem,50,items all material,
Item,2960,Insanity Gem,50,items all material,
Item,2961,Darkness Gem,50,items all material,
Item,2962,Lesser Soul Gem,50,items all material,
Item,2963,Lesser Armor Gem,50,items all material,
Item,2964,Chipped Mind Gem,25,items all material,
Item,2965,Lesser Mind Gem,50,items all material,
Item,2966,Chipped Blood Gem,25,items all material,
Item,2967,Chipped Focus Gem,25,items all material,
Item,2968,Lesser Focus Gem,50,items all material,
Item,2969,Chipped Rage Gem,25,items all material,
Item,2970,Lesser Rage Gem,50,items all material,
Item,2971,Chipped Swift Gem,25,items all material,
Item,2972,Lesser Swift Gem,50,items all material,
Item,2973,Chipped Magic Gem,25,items all material,
Item,2974,Chipped Sharp Gem,25,items all material,
Item,2975,Lesser Magic Gem,50,items all material,
Item,2976,Lesser Sharp Gem,50,items all material,
Item,2977,Clear Gem,25,items all material,
Item,2978,Light Gem,50,items all material,
Item,2979,Lesser Blood Gem,50,items all material,
Item,2980,====^Upgrade Items^=====,0,,
Item,2981,Offhand,0,,
Item,2982,Head,0,,
Item,2983,Top,0,,
Item,2984,Bottom,0,,
Item,2985,Feet,0,,
Item,2986,Neck,0,,
Item,2987,Ring,0,,
Item,2988,Trinket,0,,
Item,2989,Slot 9,0,,
Item,2999,VDesignated PlaceholderV,0,,
Weapon,1,TEST +3,0,weapon all,
Weapon,2,Upgrade 1,0,,
Weapon,3,Blank Upgrade,0,,
Weapon,50,=====Weapons=====,0,,
Weapon,51,Wooden Stick,0,weapon all,
Weapon,52,Brass Knuckles,0,weapon all,
Weapon,53,Fire Extinguisher,0,weapon all,
Weapon,54,Wooden Club,0,weapon all,
Weapon,55,Syringe,0,weapon all,
Weapon,56,Ornate Dagger,0,weapon all,
Weapon,57,Spiked Bat +2,0,weapon all,
Weapon,58,Staff of Insight +3,0,weapon all,
Weapon,59,Ritual Blade +3,0,weapon all,
Weapon,60,Bloody Cleaver +3,0,weapon all,
Weapon,61,Large Wrench +3,0,weapon all,
Weapon,62,Rusty Scissors,0,weapon all,
Weapon,63,Brutal Knife +3,0,weapon all,
Weapon,64,Giant Club +5,0,weapon all,
Weapon,65,Holy Bludgeon +5,0,weapon all,
Weapon,66,Improvised Sickle +5,0,weapon all,
Weapon,67,Cursed Axe +4,0,weapon all,
Weapon,68,Stone Shortsword +1,0,weapon all,
Weapon,69,Metal Bat +2,0,weapon all,
Weapon,70,Staff of Darkness +3,0,weapon all,
Weapon,71,Copper Shortsword +2,0,weapon all,
Weapon,72,Wooden Staff +1,0,weapon all,
Weapon,73,Copper Staff +2,0,weapon all,
Weapon,74,Axe of Misfortune +5,0,weapon all,
Weapon,75,Rapier of the Dead God +3,0,weapon all,
Weapon,76,Cursed Blade +5,0,weapon all,
Weapon,77,Iron Shortsword +3,0,weapon all,
Weapon,78,Iron Staff +3,0,weapon all,
Weapon,79,Verdite Greatsword +4,0,weapon all,
Weapon,80,Platinum Greatsword +5,0,weapon all,
Weapon,81,Verdite Quickblade +4,0,weapon all,
Weapon,82,Platinum Quickblade +5,0,weapon all,
Weapon,83,Verdite Staff +4,0,weapon all,
Weapon,84,Platinum Staff +5,0,weapon all,
Weapon,85,Kaal's Executioner +5,0,weapon all,
Weapon,86,Staff of Valtris +3,0,weapon all,
Weapon,87,Smile Carver +5,0,weapon all,
Weapon,88,Blade of the Hopeless +10,0,weapon all,
Weapon,89,Ritual Spear +5,0,weapon all,
Weapon,90,Spear of Daeus +5,0,weapon all,
Weapon,91,Blade of Darkness +3,0,weapon all,
Weapon,92,Gnawed Bone Club +3,0,weapon all,
Weapon,93,Jester's Staff +5,0,weapon all,
Weapon,94,Dagger of Hope +5,0,weapon all,
Weapon,95,Sword of Hope +5,0,weapon all,
Weapon,96,Bladestaff of the Dead God +5,0,weapon all,
Weapon,97,Cat Staff +5,0,weapon all,
Weapon,98,Forbidden Lorebook +10,0,weapon all,
Weapon,99,Bonestaff +5,0,weapon all,
Weapon,100,Trident of the Deep +8,0,weapon all,
Weapon,101,Whip of Delvek +8,0,weapon all,
Weapon,102,Staff of the Deep +8,0,weapon all,
Weapon,103,Brutal Maul of Kaal +8,0,weapon all,
Weapon,104,Dagger of Valtris +8,0,weapon all,
Weapon,105,Bladefan of Delvek +8,0,weapon all,
Weapon,106,Sword of the Harvest +8,0,weapon all,
Weapon,107,Cat's-Eye Spear +8,0,weapon all,
Weapon,108,Staff of Flesh +6,0,weapon all,
Weapon,109,Staff of the Dead +7,0,weapon all,
Weapon,110,Gargantuan Greatsword +10,0,weapon all,
Weapon,111,Golden Gun +7,0,weapon all,
Weapon,112,Nunchaku +7,0,weapon all,
Weapon,113,Steel Greatsword +6,0,weapon all,
Weapon,114,Steel Quickblade +6,0,weapon all,
Weapon,115,Steel Staff +6,0,weapon all,
Weapon,116,Blacksteel Greatsword +7,0,weapon all,
Weapon,117,Blacksteel Quickblade +7,0,weapon all,
Weapon,118,Blacksteel Staff +7,0,weapon all,
Weapon,119,Ornate Greataxe +8,0,weapon all,
Weapon,120,Obsidian Spear +7,0,weapon all,
Weapon,121,Curved Greatsword +7,0,weapon all,
Weapon,122,Iron Cestus +7,0,weapon all,
Weapon,123,Divine Mageblade +10,0,weapon all,
Weapon,124,Mending Spear +8,0,weapon all,
Weapon,125,Spellblade of Rage +8,0,weapon all,
Weapon,126,Shieldstaff of Warding +5,0,weapon all,
Weapon,127,Bone Sword +5,0,weapon all,
Weapon,128,Bone Staff +5,0,weapon all,
Weapon,129,Greatsword of the Dead God +5,0,weapon all,
Weapon,130,Icicle Spear +4,0,weapon all,
Weapon,131,Icicle Sword +5,0,weapon all,
Weapon,132,Icicle Greatword +7,0,weapon all,
Weapon,133,Pumpkin-Carver +3,0,weapon all,
Weapon,134,Pumpkin-Smasher +5,0,weapon all,
Weapon,135,Tainted Spear +8,0,weapon all,
Weapon,136,Staff of Thorns +10,0,weapon all,
Weapon,137,Blade of Blood +10,0,weapon all,
Weapon,138,Vile Greatsword +10,0,weapon all,
Weapon,139,Vile Quickblade +10,0,weapon all,
Weapon,140,Vile Staff +10,0,weapon all,
Weapon,141,Vile Greataxe +10,0,weapon all,
Weapon,142,Vile Spear +10,0,weapon all,
Weapon,143,Encrusted Blade +10,0,weapon all,
Weapon,144,Staff of Hatred +10,0,weapon all,
Weapon,145,Staff of Nature +10,0,weapon all,
Weapon,146,Staff of Blood +10,0,weapon all,
Weapon,147,Tentacle Blade +10,0,weapon all,
Weapon,148,The Decimator +10,0,weapon all,
Weapon,203,===Mall Bonus Weps===,0,,
Weapon,204,Royal Dagger +1,0,weapon all,
Weapon,205,Iron Halberd +2,0,weapon all,
Weapon,206,Bone Chopper +2,0,weapon all,
Weapon,207,Light Bladestaff +3,0,weapon all,
Weapon,208,Crescent Bladestaff +3,0,weapon all,
Weapon,209,Poison Greatsword +3,0,weapon all,
Weapon,210,Sacrificial Blade +3,0,weapon all,
Weapon,211,Triangle Greatsword +4,0,weapon all,
Weapon,212,Gold Battleaxe +4,0,weapon all,
Weapon,213,Royal Staff +4,0,weapon all,
Weapon,236,===OW Bonus Weps===,0,,
Weapon,237,Stiletto +5,0,weapon all,
Weapon,238,Harvester +5,0,weapon all,
Weapon,239,Blackblade +5,0,weapon all,
Weapon,240,Heathen's Flail +5,0,weapon all,
Weapon,241,Oldwood Greatstaff +5,0,weapon all,
Weapon,242,Silver Scimitar +7,0,weapon all,
Weapon,243,Hungry Battleshield +7,0,weapon all,
Weapon,244,Executioner's Greataxe +8,0,weapon all,
Weapon,245,Bulbous Blade +7,0,weapon all,
Weapon,246,Void Channeler +7,0,weapon all,
Weapon,269,===Cata Bonus Weps===,0,,
Weapon,270,Poisoned Cutlass +5,0,weapon all,
Weapon,271,Bonecrusher +5,0,weapon all,
Weapon,272,Jailer's Blade +5,0,weapon all,
Weapon,273,Bonesplitter +5,0,weapon all,
Weapon,274,Crystal Greatstaff +5,0,weapon all,
Weapon,275,Crystal Dagger +7,0,weapon all,
Weapon,276,Crystal Battleshield +7,0,weapon all,
Weapon,277,Lead Greataxe +7,0,weapon all,
Weapon,278,Seeing Sword +7,0,weapon all,
Weapon,279,Star Wand +7,0,weapon all,
Armor,97,Corvid Mask +10,0,armor all,
Armor,98,Crimson Bandana +10,0,armor all,
Armor,99,Crusader's Helmet +10,0,armor all,
Armor,100,Vile Hat +10,0,armor all,
Armor,101,Vile Helmet +10,0,armor all,
Armor,102,Feathered Cap +5,0,armor all,
Armor,103,Mysterious Hat +6,0,armor all,
Armor,104,====Head====,0,,
Armor,105,Old Beanie,0,armor all,
Armor,106,Tattered Hood,0,armor all,
Armor,107,Detective's Hat,0,armor all,
Armor,108,Eyeglasses,0,armor all,
Armor,109,Hood of Darkness +1,0,armor all,
Armor,110,3-D Glasses +1,0,armor all,
Armor,111,Pale Mask +1,0,armor all,
Armor,112,Gas Mask +2,0,armor all,
Armor,113,Crown of the Dead God +3,0,armor all,
Armor,114,Hard Hat +3,0,armor all,
Armor,115,Crab Hat +1,0,armor all,
Armor,116,Copper Helmet +1,0,armor all,
Armor,117,Iron Helmet +2,0,armor all,
Armor,118,Verdite Helmet +3,0,armor all,
Armor,119,Platinum Helmet +4,0,armor all,
Armor,120,Plague Doctor Mask +4,0,armor all,
Armor,121,Witch Hat +3,0,armor all,
Armor,122,Bluesteel Helmet +3,0,armor all,
Armor,123,Mask of the Glutton +2,0,armor all,
Armor,124,Mask of the Beast +3,0,armor all,
Armor,125,Crown of Xxarteck +6,0,armor all,
Armor,126,Straw Hat +4,0,armor all,
Armor,127,Gladiator's Helmet +5,0,armor all,
Armor,128,Explorer's Hat +5,0,armor all,
Armor,129,Steel Helmet +6,0,armor all,
Armor,130,Blacksteel Helmet +7,0,armor all,
Armor,131,Cultist's Mask +7,0,armor all,
Armor,132,Archmage's Hat +8,0,armor all,
Armor,133,Champion's Helmet +8,0,armor all,
Armor,134,Crown of Thorns +7,0,armor all,
Armor,135,Helm of the One Point +7,0,armor all,
Armor,136,Wind Tiara +7,0,armor all,
Armor,137,Bow of Destruction +7,0,armor all,
Armor,138,Rogue's Hood +5,0,armor all,
Armor,139,Bone Helmet +5,0,armor all,
Armor,140,Helm of the Mind +7,0,armor all,
Armor,141,Fire Tiara +7,0,armor all,
Armor,142,Obsidian Helm +7,0,armor all,
Armor,143,Pumpkin Mask +6,0,armor all,
Armor,144,Police Hat +3,0,armor all,
Armor,145,Nomad Hood +2,0,armor all,
Armor,146,Rockshell Helmet +4,0,armor all,
Armor,147,=====Top=====,0,,
Armor,148,Tattered Shirt,0,armor all,
Armor,149,Old Sleeveless Shirt,0,armor all,
Armor,150,Crab Shirt +1,0,armor all,
Armor,151,Varsity Jacket +1,0,armor all,
Armor,152,Cloak of Darkness +2,0,armor all,
Armor,153,Robe of Curses +3,0,armor all,
Armor,154,Tuxedo Jacket +3,0,armor all,
Armor,155,Thick Jacket +3,0,armor all,
Armor,156,Bark Armor,0,armor all,
Armor,157,Cockroach Armor +4,0,armor all,
Armor,158,Chestplate of the Dead God +3,0,armor all,
Armor,159,Copper Chestplate +1,0,armor all,
Armor,160,Iron Chestplate +2,0,armor all,
Armor,161,Verdite Chestplate +3,0,armor all,
Armor,162,Platinum Chestplate +4,0,armor all,
Armor,163,Plague Doctor Robe +4,0,armor all,
Armor,164,Witch Robe +3,0,armor all,
Armor,165,Bluesteel Chestplate +3,0,armor all,
Armor,166,Bloated Chestplate +4,0,armor all,
Armor,167,Gladiator's Chestplate +5,0,armor all,
Armor,168,Explorer's Vest +5,0,armor all,
Armor,169,Steel Chestplate +6,0,armor all,
Armor,170,Blacksteel Chestplate +7,0,armor all,
Armor,171,Cultist's Robe +7,0,armor all,
Armor,172,Archmage's Robe +8,0,armor all,
Armor,173,Champion's Chestplate +8,0,armor all,
Armor,174,Dress of Destruction +7,0,armor all,
Armor,175,Chestplate of Stone +7,0,armor all,
Armor,176,Rogue's Cloak +5,0,armor all,
Armor,177,Bone Chestplate +5,0,armor all,
Armor,178,Gilded Chestplate +7,0,armor all,
Armor,179,Angler's Vest +7,0,armor all,
Armor,180,Police Jacket +3,0,armor all,
Armor,181,Chaos Robe +5,0,armor all,
Armor,182,Mirror Chestplate +8,0,armor all,
Armor,183,Illusory Cloak +15,0,armor all,
Armor,184,Nomad Cloak +2,0,armor all,
Armor,185,Rockshell Chestplate +4,0,armor all,
Armor,186,Mysterious Tunic +6,0,armor all,
Armor,187,Vile Robe +10,0,armor all,
Armor,188,Vile Chestplate +10,0,armor all,
Armor,189,Corvid Cloak +10,0,armor all,
Armor,190,Crimson Robe +10,0,armor all,
Armor,191,Crusader's Chestplate +10,0,armor all,
Armor,216,=====Bottoms=====,0,,
Armor,217,Worn Underwear,0,armor all,
Armor,218,Old Green Jeans,0,armor all,
Armor,219,Yellow Pants +1,0,armor all,
Armor,220,Leather Chaps +2,0,armor all,
Armor,221,Scrap Pants +3,0,armor all,
Armor,222,White Shorts +3,0,armor all,
Armor,223,Void Leggings +3,0,armor all,
Armor,224,Leather Shorts +3,0,armor all,
Armor,225,Copper Legguards +1,0,armor all,
Armor,226,Iron Legguards +2,0,armor all,
Armor,227,Verdite Legguards +3,0,armor all,
Armor,228,Platinum Legguards +4,0,armor all,
Armor,229,Plague Doctor Legguards +4,0,armor all,
Armor,230,Witch Leggings +3,0,armor all,
Armor,231,Bluesteel Legguards +3,0,armor all,
Armor,232,Comfy Shorts +3,0,armor all,
Armor,233,Gladiator's Legguards +5,0,armor all,
Armor,234,Explorer's Pants +5,0,armor all,
Armor,235,Steel Legguards +6,0,armor all,
Armor,236,Blacksteel Legguards +7,0,armor all,
Armor,237,Cultist's Legguards +7,0,armor all,
Armor,238,Archmage's Sash +8,0,armor all,
Armor,239,Champion's Loincloth +8,0,armor all,
Armor,240,Crystal Legguards +5,0,armor all,
Armor,241,Rogue's Chaps +5,0,armor all,
Armor,242,Bone Legguards +5,0,armor all,
Armor,243,Rubber Pants +5,0,armor all,
Armor,244,Pumpkin Pants +7,0,armor all,
Armor,245,Police Trousers +3,0,armor all,
Armor,246,Nomad Legguards +2,0,armor all,
Armor,247,Rockshell Legguards +4,0,armor all,
Armor,248,Mysterious Legguards +6,0,armor all,
Armor,249,Overalls,0,armor all,
Armor,250,Vile Leggings +10,0,armor all,
Armor,251,Vile Legguards +10,0,armor all,
Armor,252,Corvid Legguards +10,0,armor all,
Armor,253,Crimson Sash +10,0,armor all,
Armor,254,Crusader's Legguards +10,0,armor all,
Armor,272,=====Feet=====,0,,
Armor,273,Old Socks,0,armor all,
Armor,274,Weathered Sandals,0,armor all,
Armor,275,Used Work Boots +1,0,armor all,
Armor,276,Sturdy Boots +2,0,armor all,
Armor,277,Red Sneakers +2,0,armor all,
Armor,278,Flthy Shoes +1,0,armor all,
Armor,279,Greaves of the Dead God +3,0,armor all,
Armor,280,Wayfarer's Shoes +1,0,armor all,
Armor,281,Copper Greaves +1,0,armor all,
Armor,282,Iron Greaves +2,0,armor all,
Armor,283,Verdite Greaves +3,0,armor all,
Armor,284,Platinum Greaves +4,0,armor all,
Armor,285,Plague Doctor Boots +4,0,armor all,
Armor,286,Witch Shoes +3,0,armor all,
Armor,287,Bluesteel Greaves +3,0,armor all,
Armor,288,Jester's Boots +3,0,armor all,
Armor,289,Darkstone Boots +3,0,armor all,
Armor,290,Moonlight Shoes +3,0,armor all,
Armor,291,Gladiator's Sandals +5,0,armor all,
Armor,292,Explorer's Boots +5,0,armor all,
Armor,293,Steel Greaves +6,0,armor all,
Armor,294,Blacksteel Greaves +7,0,armor all,
Armor,295,Cultist's Boots +7,0,armor all,
Armor,296,Archmage's Boots +8,0,armor all,
Armor,297,Champion's Greaves +8,0,armor all,
Armor,298,Shoes of Destruction +7,0,armor all,
Armor,299,Shoes of Swiftness +7,0,armor all,
Armor,300,Rogue's Boots +5,0,armor all,
Armor,301,Bone Boots +5,0,armor all,
Armor,302,Police Shoes +3,0,armor all,
Armor,303,Nomad Shoes +2,0,armor all,
Armor,304,Rockshell Greaves +4,0,armor all,
Armor,305,Mysterious Boots +6,0,armor all,
Armor,306,Stilettos +8,0,armor all,
Armor,307,Vile Shoes +10,0,armor all,
Armor,308,Vile Greaves +10,0,armor all,
Armor,309,Corvid Boots +10,0,armor all,
Armor,310,Crimson Shoes +10,0,armor all,
Armor,311,Crusader's Greaves +10,0,armor all,
Armor,317,====Neck=====,0,,
Armor,318,Esoteric Medallion +1,0,armor all,
Armor,319,Brutal Medallion +1,0,armor all,
Armor,320,Star Necklace +1,0,armor all,
Armor,321,Blood Gem +5,0,armor all,
Armor,322,Gold Necklace +2,0,armor all,
Armor,323,Chain of the Dead God +3,0,armor all,
Armor,324,Emerald Necklace +2,0,armor all,
Armor,325,Blade Pendant +1,0,armor all,
Armor,326,Lightning Pendant +1,0,armor all,
Armor,327,Occult Pendant +1,0,armor all,
Armor,328,Blood Pendant +1,0,armor all,
Armor,329,Soul Pendant +1,0,armor all,
Armor,330,Necklace of Power +2,0,armor all,
Armor,331,Necklace of Wit +2,0,armor all,
Armor,332,Necklace of Fortune +2,0,armor all,
Armor,333,Necklace of the Dark Sea +3,0,armor all,
Armor,334,Cat's Eye Necklace +3,0,armor all,
Armor,335,Finger Necklace +3,0,armor all,
Armor,336,Precision Necklace +5,0,armor all,
Armor,337,Reckless Necklace +5,0,armor all,
Armor,338,Basic Necklace +5,0,armor all,
Armor,339,Amulet of Xxarteck +5,0,armor all,
Armor,340,Pendant of the Forgotten +3,0,armor all,
Armor,341,Crude Necklace,0,armor all,
Armor,342,Brutal Necklace +1,0,armor all,
Armor,343,Soultrap Necklace +10,0,armor all,
Armor,344,Coldheart Pendant +10,0,armor all,
Armor,345,Pendant of the Woods +5,0,armor all,
Armor,346,Pendant of the Lost +5,0,armor all,
Armor,347,Pendant of Leaves +5,0,armor all,
Armor,348,Quicksilver Pendant +8,0,armor all,
Armor,349,Bloodsliver Pendant +8,0,armor all,
Armor,350,Inventor's Pendant +8,0,armor all,
Armor,355,Lost Ring +5,0,armor all,
Armor,356,Golden Band +5,0,armor all,
Armor,357,Ring of Might +5,0,armor all,
Armor,358,Ring of Mind +5,0,armor all,
Armor,359,Ring of Fire +5,0,armor all,
Armor,360,====Rings===,0,,
Armor,361,Crude Bone Ring +1,0,armor all,
Armor,362,Crude Stone Ring +1,0,armor all,
Armor,363,Fool's Gold Ring +2,0,armor all,
Armor,364,Lesser Cursed Ring +2,0,armor all,
Armor,365,Emerald Ring +2,0,armor all,
Armor,366,Thief's Ring +2,0,armor all,
Armor,367,Ring of the One Point +2,0,armor all,
Armor,368,Ring of the Dark Sea +2,0,armor all,
Armor,369,Ring of the End +2,0,armor all,
Armor,370,Onyx Bone Ring +3,0,armor all,
Armor,371,Ring of the Dead God +3,0,armor all,
Armor,372,Emerald Bone Ring +5,0,armor all,
Armor,373,Cursed Emerald Ring +3,0,armor all,
Armor,374,Opal Ring +2,0,armor all,
Armor,375,Ring of Immortality +2,0,armor all,
Armor,376,Blade Ring +2,0,armor all,
Armor,377,Lightning Ring +2,0,armor all,
Armor,378,Occult Ring +2,0,armor all,
Armor,379,Blood Ring +2,0,armor all,
Armor,380,Soul Ring +2,0,armor all,
Armor,381,Heathen's Ring +2,0,armor all,
Armor,382,Ring of Nature +4,0,armor all,
Armor,383,Ring of Stone +4,0,armor all,
Armor,384,Ring of Magic +4,0,armor all,
Armor,385,Ring of Steel +4,0,armor all,
Armor,386,Ring of Vanity +4,0,armor all,
Armor,387,Ring of The Left Path +5,0,armor all,
Armor,388,Ring of The Right Path +5,0,armor all,
Armor,389,Ring of the New God +8,0,armor all,
Armor,390,Polished Stone Ring +3,0,armor all,
Armor,391,Ring of Rage +3,0,armor all,
Armor,392,Ring of Peace +3,0,armor all,
Armor,393,Ring of the Hero +3,0,armor all,
Armor,394,Ring of the Traitor +3,0,armor all,
Armor,395,Orange Ring +3,0,armor all,
Armor,396,Crude Ring +1,0,armor all,
Armor,397,Brutal Ring +2,0,armor all,
Armor,398,Ring of Plenty +8,0,armor all,
Armor,399,Slayer's Ring +8,0,armor all,
Armor,400,Voidborn Ring +10,0,armor all,
Armor,401,Lightborn Ring +10,0,armor all,
Armor,402,Roughknot Ring +5,0,armor all,
Armor,403,Ring of the Woods +5,0,armor all,
Armor,404,Ring of the Lost +5,0,armor all,
Armor,405,Ring of Leaves +5,0,armor all,
Armor,406,Ring of the Dead +5,0,armor all,
Armor,407,=====Trinkets====,0,,
Armor,408,Bone Coin of Death,0,armor all,
Armor,409,Fool's Gold Coin of Death,0,armor all,
Armor,410,Rusty Spyglass,0,armor all,
Armor,411,Block of Rock +1,0,armor all,
Armor,412,Lucky Horseshoe +1,0,armor all,
Armor,413,Ancient Coin of Order,0,armor all,
Armor,414,Ancient Effigy +2,0,armor all,
Armor,415,Skull of the Dead God +3,0,armor all,
Armor,416,Eye of Gatis +5,0,armor all,
Armor,417,Eye of Delvek +3,0,armor all,
Armor,418,Hand of Nezroth +2,0,armor all,
Armor,419,Razor Tooth +5,0,armor all,
Armor,420,Spellbook +3,0,armor all,
Armor,421,Lucky Card +1,0,armor all,
Armor,422,Pearl of of Kaal +1,0,armor all,
Armor,423,Earring of the Dark Sea +2,0,armor all,
Armor,424,Magnifying Glass +3,0,armor all,
Armor,425,Earring of Slime +3,0,armor all,
Armor,426,Earring of Wealth +3,0,armor all,
Armor,427,Earring of Torture +3,0,armor all,
Armor,428,Lucky Cat Statue +5,0,armor all,
Armor,429,Polished Spyglass +5,0,armor all,
Armor,430,Symbol of Privilege +5,0,armor all,
Armor,431,Eldritch Paintbrush +5,0,armor all,
Armor,432,Miniature Pumpkin +4,0,armor all,
Armor,433,Giant Pumpkin +7,0,armor all,
Armor,434,Chalice of Mana +5,0,armor all,
Armor,435,Demon Tooth +5,0,armor all,
Armor,436,Bone Coin of Life +1,0,armor all,
Armor,437,Bone Coin of Chaos +1,0,armor all,
Armor,438,Cube of One +7,0,armor all,
Armor,439,Earring of Duality +5,0,armor all,
Armor,440,Crystal Skull +10,0,armor all,
Armor,441,Merchant's Pack +8,0,armor all,
Armor,442,Bone Earring of Blood +4,0,armor all,
Armor,443,Earring of Steel +4,0,armor all,
Armor,444,Inventor's Gear +8,0,armor all,
Armor,445,Chalice of Blood +8,0,armor all,
Armor,446,Strange Doll +5,0,armor all,
Armor,455,=====Offhand=====,0,,
Armor,456,Stone Shield +2,0,armor all,
Armor,457,Lamp of Light +5,0,armor all,
Armor,458,Seeker's Orb,0,armor all,
Armor,459,Wanderer's Orb,0,armor all,
Armor,460,Brass Compass,0,armor all,
Armor,461,Rusty Shackle +2,0,armor all,
Armor,462,Magic Jack o' Lantern +4,0,armor all,
Armor,463,Odd Skull +1,0,armor all,
Armor,464,Shield of the Dead God +3,0,armor all,
Armor,465,Lost Mariner's Bauble +3,0,armor all,
Armor,466,Deceiver's Orb +5,0,armor all,
Armor,467,Jeweled Chalice +5,0,armor all,
Armor,468,Golden Tooth +5,0,armor all,
Armor,469,Golden Stake +5,0,armor all,
Armor,470,Golden Lamp +5,0,armor all,
Armor,471,Golden Skull +5,0,armor all,
Armor,472,Golden Knight +5,0,armor all,
Armor,473,Bone Shield +8,0,armor all,
Armor,474,Star Map of Valtris +5,0,armor all,
Armor,475,Tower Shield +5,0,armor all,
Armor,476,Painted Buckler +5,0,armor all,
Armor,477,Platinum Star +5,0,armor all,
Armor,478,Ancient Tablet +2,0,armor all,
Armor,479,Cat Stuffy +5,0,armor all,
Armor,480,Shield of Life +5,0,armor all,
Armor,481,Shield of Spite +5,0,armor all,
Armor,482,Cursed Crucifix +5,0,armor all,
Armor,483,Steel-Knuckled Glove +5,0,armor all,
Armor,484,Ritualist's Shield +5,0,armor all,
Armor,485,Basketball +15,0,armor all,
Armor,486,Vile Lamp +8,0,armor all,
Armor,487,Royal Bulwark +8,0,armor all,
Armor,488,Book of Darkness +8,0,armor all,
Armor,489,Liquimetal Shield +8,0,armor all,
Armor,490,Hidden Kunai +8,0,armor all,
Armor,491,Cursed Cookbook +8,0,armor all,
Armor,492,Shopping List +8,0,armor all,
Armor,493,Tome of Fire +5,0,armor all,
Armor,494,Tome of Water +5,0,armor all,
Armor,495,Bard's Lute,0,armor all,
Armor,588,===Mall Bonus Gear====,0,,
Armor,589,Hood of Light +1,0,armor all,
Armor,590,Cloak of Light +2,0,armor all,
Armor,591,Bandit's Hood +1,0,armor all,
Armor,592,Bandit's Cloak +1,0,armor all,
Armor,593,Bandit's Chaps +1,0,armor all,
Armor,594,Bandit's Boots +1,0,armor all,
Armor,595,Scholar's Hat +1,0,armor all,
Armor,596,Scholar's Cloak +1,0,armor all,
Armor,597,Scholar's Leggings +1,0,armor all,
Armor,598,Scholar's Shoes +1,0,armor all,
Armor,619,===OW Bonus Gear====,0,,
Armor,620,Trinket Sack +5,0,armor all,
Armor,621,Soul Lamp +5,0,armor all,
Armor,622,Bone Ring of Blood +4,0,armor all,
Armor,623,Crimson Hood +3,0,armor all,
Armor,624,Crimson Cloak +3,0,armor all,
Armor,625,Crimson Chaps +3,0,armor all,
Armor,626,Crimson Boots +3,0,armor all,
Armor,627,Xanthic Hat +3,0,armor all,
Armor,628,Xanthic Cloak +3,0,armor all,
Armor,629,Xanthic Leggings +3,0,armor all,
Armor,630,Xanthic Shoes +3,0,armor all,
Armor,631,Bone Necklace of Blood +4,0,armor all,
Armor,632,Royal Shield +4,0,armor all,
Armor,633,Blood Moon Robe +5,0,armor all,
Armor,657,===Cata Bonus Gear====,0,,
Armor,658,Thief's Hood +6,0,armor all,
Armor,659,Thief's Cloak +6,0,armor all,
Armor,660,Thief's Chaps +6,0,armor all,
Armor,661,Thief's Boots +6,0,armor all,
Armor,662,Archmagus Hat +6,0,armor all,
Armor,663,Archmagus Robe +6,0,armor all,
Armor,664,Archmagus Leggings +6,0,armor all,
Armor,665,Archmagus Boots +6,0,armor all,
Armor,666,Bloodiron Greaves +6,0,armor all,
Armor,667,Bloodiron Legguards +6,0,armor all,
Armor,668,Bloodiron Hauberk +6,0,armor all,
Armor,669,Bloodiron Coif +6,0,armor all,
